GEO.id,GEO.id2,GEO.display-label,HD01_VD01,HD02_VD01,HD01_VD02,HD02_VD02,HD01_VD03,HD02_VD03,HD01_VD04,HD02_VD04,HD01_VD05,HD02_VD05,HD01_VD06,HD02_VD06,HD01_VD07,HD02_VD07,HD01_VD08,HD02_VD08,HD01_VD09,HD02_VD09,HD01_VD10,HD02_VD10,HD01_VD11,HD02_VD11,HD01_VD12,HD02_VD12,HD01_VD13,HD02_VD13,HD01_VD14,HD02_VD14,HD01_VD15,HD02_VD15,HD01_VD16,HD02_VD16,HD01_VD17,HD02_VD17,HD01_VD18,HD02_VD18,HD01_VD19,HD02_VD19,HD01_VD20,HD02_VD20,HD01_VD21,HD02_VD21
Id,Id2,Geography,Estimate; Total:,Margin of Error; Total:,"Estimate; Car, truck, or van:","Margin of Error; Car, truck, or van:","Estimate; Car, truck, or van: - Drove alone","Margin of Error; Car, truck, or van: - Drove alone","Estimate; Car, truck, or van: - Carpooled:","Margin of Error; Car, truck, or van: - Carpooled:","Estimate; Car, truck, or van: - Carpooled: - In 2-person carpool","Margin of Error; Car, truck, or van: - Carpooled: - In 2-person carpool","Estimate; Car, truck, or van: - Carpooled: - In 3-person carpool","Margin of Error; Car, truck, or van: - Carpooled: - In 3-person carpool","Estimate; Car, truck, or van: - Carpooled: - In 4-person carpool","Margin of Error; Car, truck, or van: - Carpooled: - In 4-person carpool","Estimate; Car, truck, or van: - Carpooled: - In 5- or 6-person carpool","Margin of Error; Car, truck, or van: - Carpooled: - In 5- or 6-person carpool","Estimate; Car, truck, or van: - Carpooled: - In 7-or-more-person carpool","Margin of Error; Car, truck, or van: - Carpooled: - In 7-or-more-person carpool",Estimate; Public transportation (excluding taxicab):,Margin of Error; Public transportation (excluding taxicab):,Estimate; Public transportation (excluding taxicab): - Bus or trolley bus,Margin of Error; Public transportation (excluding taxicab): - Bus or trolley bus,Estimate; Public transportation (excluding taxicab): - Streetcar or trolley car (carro publico in Puerto Rico),Margin of Error; Public transportation (excluding taxicab): - Streetcar or trolley car (carro publico in Puerto Rico),Estimate; Public transportation (excluding taxicab): - Subway or elevated,Margin of Error; Public transportation (excluding taxicab): - Subway or elevated,Estimate; Public transportation (excluding taxicab): - Railroad,Margin of Error; Public transportation (excluding taxicab): - Railroad,Estimate; Public transportation (excluding taxicab): - Ferryboat,Margin of Error; Public transportation (excluding taxicab): - Ferryboat,Estimate; Taxicab,Margin of Error; Taxicab,Estimate; Motorcycle,Margin of Error; Motorcycle,Estimate; Bicycle,Margin of Error; Bicycle,Estimate; Walked,Margin of Error; Walked,Estimate; Other means,Margin of Error; Other means,Estimate; Worked at home,Margin of Error; Worked at home
0400000US01,01,Alabama,1983610,17231,1882348,17185,1713067,16092,169281,7633,139333,6783,19259,2427,5638,1515,3269,811,1782,694,9592,1522,9146,1491,55,86,52,83,163,215,176,184,1175,524,2788,800,1942,709,20806,2495,14904,2281,50055,3837
0400000US02,02,Alaska,357776,5366,285035,5943,238572,6380,46463,3762,38225,3743,4606,1188,1317,601,752,361,1563,657,6589,1186,6113,1143,289,454,0,147,0,147,187,215,603,403,823,460,3562,879,31566,2754,14227,1850,15371,2129
0400000US04,04,Arizona,2754451,16364,2404420,16956,2100376,17326,304044,12325,232628,10236,43285,4233,15455,2494,7842,1464,4834,1085,64986,5490,61778,5494,1366,659,378,234,1403,845,61,100,1434,550,12614,1544,26773,2747,56982,4507,36895,4284,150347,7170
0400000US05,05,Arkansas,1223214,12038,1144410,11406,1020341,11819,124069,6716,94597,5860,18196,2253,6061,1431,2990,964,2225,954,5803,1288,5734,1280,0,192,30,51,0,192,39,69,926,583,2842,1010,2560,962,20212,2476,11872,1568,34589,3457
0400000US06,06,California,16745843,39207,14085555,38137,12260080,42986,1825475,24341,1364318,20050,272085,11331,94616,5677,59032,4710,35424,3631,889921,17947,615342,15949,21089,2460,177460,6856,67175,4000,8855,1483,7744,1820,58666,3310,189725,6873,457693,13269,178706,8101,877833,17079
0400000US08,08,Colorado,2577184,15140,2174268,16760,1923952,17524,250316,8641,190546,7355,35162,3093,14806,2527,5868,1378,3934,2134,86249,4528,73930,4508,2321,824,6905,1146,2800,884,293,217,1276,617,7023,1235,33664,3930,75639,4373,21445,2607,177620,7065
0400000US09,09,Connecticut,1736156,10689,1497154,11221,1353252,13031,143902,6763,113579,6037,16951,2840,6678,1545,3113,791,3581,970,89137,5194,45803,3924,110,125,3048,643,39806,2873,370,225,1525,775,1381,569,5171,1213,54686,4012,11973,2336,75129,4216
0400000US10,10,Delaware,423542,6339,378721,6796,340270,7136,38451,3555,31278,3080,4338,1544,770,362,1626,1042,439,390,14919,2159,11335,1953,0,189,259,269,3291,1010,34,56,81,132,434,276,1712,738,9098,1507,2731,950,15846,1986
0400000US11,11,District of Columbia,330087,4834,124169,5266,106657,5460,17512,2064,13103,1875,2145,775,1479,642,438,235,347,331,127045,5859,51126,3951,1217,781,73353,4047,1349,586,0,203,1643,969,934,479,14986,2071,45003,3716,1833,819,14474,2265
0400000US12,12,Florida,8353263,33034,7439384,35082,6652563,35087,786821,18680,611513,16518,108264,7298,34373,4226,18820,3132,13851,2815,175495,7663,163829,7682,1418,618,5467,1055,4297,1158,484,417,6192,1852,25266,2829,58231,4878,127509,7074,97005,7687,424181,12099
0400000US13,13,Georgia,4291263,25199,3858098,23744,3415734,24136,442364,14307,330896,12571,63596,5822,25392,3815,12756,2283,9724,2081,89057,6103,66289,5430,907,524,18741,2284,2536,1104,584,387,7037,1918,5019,865,9789,1820,64483,5035,49335,4984,208445,8238
0400000US15,15,Hawaii,672446,6934,544841,7979,454338,8020,90503,5183,65847,4326,14641,2416,6078,1703,3348,957,589,390,41171,3555,40875,3562,199,126,97,112,0,185,0,185,852,561,7041,1524,9078,1548,28327,2600,11517,2038,29619,3070
0400000US16,16,Idaho,696905,9758,615883,9317,549285,10106,66598,5047,50579,4823,9147,1697,4690,1304,1675,1144,507,350,4840,1159,4625,1151,0,193,72,120,81,113,62,85,0,193,3098,904,6756,1500,21482,2257,6468,1303,38378,3045
0400000US17,17,Illinois,5973263,21550,4896333,26346,4397667,27891,498666,12106,389530,10626,65518,4894,26429,2896,11817,1536,5372,1122,545633,13684,232518,9961,4397,1449,171011,6738,137066,5903,641,381,10980,2314,5879,926,32975,2684,187588,8352,42927,3378,250948,8615
0400000US18,18,Indiana,2974599,16260,2732121,17229,2469923,17625,262198,8503,208898,7240,28144,3084,13820,2191,6547,1449,4789,968,35244,3131,28660,2720,363,314,996,508,5089,984,136,171,2309,681,5293,1202,14374,2027,59191,4062,27431,3249,98636,5088
0400000US19,19,Iowa,1547508,8621,1384368,9270,1251333,10978,133035,5212,101121,4857,17541,1820,7752,1478,3455,1110,3166,760,16983,2166,16780,2191,0,157,76,89,120,156,7,13,1383,994,2956,679,8552,1522,57528,3347,11337,1605,64401,3558
0400000US20,20,Kansas,1389013,10613,1271398,11940,1144913,11247,126485,5642,98761,4768,15078,1716,7941,1703,2355,665,2350,853,7063,1247,6674,1232,0,170,40,65,303,273,46,76,208,187,3560,744,5319,1132,34400,2727,11659,1823,55406,3290
0400000US21,21,Kentucky,1866676,12915,1723560,13770,1545003,15016,178557,6905,141894,6369,21198,2480,8411,1283,4784,1924,2270,764,19626,2202,19265,2247,74,93,145,183,47,56,95,126,1275,558,1549,574,4383,1061,42149,3656,14373,2003,59761,4269
0400000US22,22,Louisiana,1984437,15548,1830723,14725,1639250,15248,191473,9149,144553,7213,24144,2840,11428,2513,7320,1896,4028,1282,26568,3161,24645,3081,1136,481,206,207,0,203,581,440,1559,709,3336,756,11604,1907,33986,3087,29288,3245,47373,4325
0400000US23,23,Maine,629171,6248,554040,6351,487205,7070,66835,4209,56106,4012,6161,1237,2741,996,828,711,999,564,4314,1047,3241,796,0,165,416,390,83,97,574,389,1345,672,1361,571,2858,797,24616,2435,4693,909,35944,3056
0400000US24,24,Maryland,2946590,14984,2447173,17157,2180872,17429,266301,8077,202109,5762,37879,3987,14724,2914,6528,1469,5061,1006,268560,7582,129772,5796,2043,912,113863,5432,22361,2754,521,268,4504,1202,2543,737,9093,1754,69897,4937,19876,2599,124944,5322
0400000US25,25,Massachusetts,3326313,20620,2636120,19583,2388532,22166,247588,9963,194112,8684,30330,3089,11283,2141,4177,1111,7686,1992,328845,7720,109438,5632,9190,2123,150278,6401,56874,3770,3065,827,4326,1071,2666,833,26549,2129,158506,6695,21810,2824,147491,6136
0400000US26,26,Michigan,4274964,19712,3896792,23119,3521696,21389,375096,10048,294266,9135,48065,3533,16979,1951,10415,2167,5371,1211,65409,4764,64105,4796,0,168,467,247,387,295,450,256,3011,702,4606,904,19812,2298,92316,4762,28503,3044,164515,6370
0400000US27,27,Minnesota,2773626,11559,2412040,12760,2174125,12204,237915,7936,189632,6860,30576,3160,9630,1775,5152,918,2925,812,99296,4191,93313,4074,886,487,1910,646,2771,773,416,253,1632,539,5855,1134,21893,2619,81150,4681,16333,2087,135427,4577
0400000US28,28,Mississippi,1181081,12874,1114666,12626,992657,13068,122009,7131,88436,5699,20797,2510,7180,1645,3366,1354,2230,967,5269,1352,5071,1346,0,208,70,112,0,208,128,165,679,421,811,401,1592,632,18071,2096,17208,2746,22785,2576
0400000US29,29,Missouri,2773780,14508,2520539,16350,2265099,15458,255440,8197,207584,7652,29256,2961,10084,1709,5320,1150,3196,878,44846,3511,40853,3424,551,389,2094,677,951,516,397,288,2391,851,5496,1116,8963,1803,55310,4006,22056,2553,114179,4710
0400000US30,30,Montana,475287,6316,405134,7040,357127,7243,48007,3348,36103,3091,6289,1281,3271,964,1433,526,911,606,3249,900,3163,885,0,165,0,165,76,88,10,16,392,299,1229,571,7215,1369,25078,2507,4512,1082,28478,2805
0400000US31,31,Nebraska,954452,6369,866627,7726,777728,7352,88899,5063,66924,4161,12866,2053,5351,1264,2694,703,1064,371,7533,1359,7508,1359,0,157,25,42,0,157,0,157,282,203,1069,370,4443,847,26175,2078,6534,994,41789,2560
0400000US32,32,Nevada,1246513,11854,1108464,12429,977046,12804,131418,5723,102960,5223,19240,2954,5264,1344,2735,943,1219,456,41958,3826,41543,3842,70,116,181,210,24,38,140,225,167,207,7095,1433,5227,1113,27757,3180,11467,1803,44378,3747
0400000US33,33,New Hampshire,677618,7884,605421,8037,550292,8640,55129,3883,44067,3046,7792,1481,1400,669,1258,652,612,393,6798,1518,5855,1430,211,209,393,274,207,212,132,147,94,114,575,311,1478,506,21028,2518,5504,1426,36720,3085
0400000US34,34,New Jersey,4166286,20887,3333462,23582,3000397,21799,333065,10473,248883,9295,45257,3810,17148,2679,10088,2085,11689,2200,463204,12033,259379,10404,3381,970,85356,5126,104863,5205,10225,1587,9875,1916,1736,553,15708,2959,120053,6218,55885,5064,166363,6258
0400000US35,35,New Mexico,865357,9853,776227,10327,685234,10327,90993,6040,67633,4849,12883,2699,5177,1465,4359,1222,941,465,9482,1397,8053,1402,76,88,46,54,1197,492,110,140,0,195,3340,923,8210,1582,19542,2269,10741,1686,37815,3287
0400000US36,36,New York,9024559,30864,5388740,27709,4766202,27868,622538,14919,482083,13552,83463,5028,29195,2789,14689,1887,13108,1918,2521815,24926,563926,12705,10388,2083,1676835,21753,258762,7273,11904,2036,50150,4617,8262,1351,62021,5368,574861,14806,58377,4913,360333,11526
0400000US37,37,North Carolina,4348669,20936,3963440,20239,3527267,22082,436173,10742,332426,9524,59245,4595,21786,3163,12977,3269,9739,2262,49130,3952,46215,3977,348,241,995,516,720,338,852,395,4493,1344,8934,1274,9293,1791,80677,6133,35834,4056,196868,7649
0400000US38,38,North Dakota,387697,4300,345312,4903,306169,4501,39143,3597,27103,2598,6811,1580,3376,1113,982,403,871,605,1680,514,1652,514,16,27,0,149,0,149,12,20,354,272,872,423,1980,638,17564,1896,3018,874,16917,1414
0400000US39,39,Ohio,5241598,25078,4791846,23335,4383642,23963,408204,13265,325514,10961,48297,4286,15941,1871,9977,1744,8475,1430,88393,5022,83648,4843,1262,612,2719,778,468,229,296,213,5317,1434,6623,1237,17335,2157,117442,5904,31961,3358,182681,7490
0400000US40,40,Oklahoma,1703568,10166,1585619,10657,1420270,10922,165349,6131,128842,4960,21848,2461,7992,1108,4810,1641,1857,644,9039,1330,8794,1347,0,157,50,51,7,15,188,201,824,377,2362,656,4672,1028,28664,2660,15164,1586,57224,3337
0400000US41,41,Oregon,1745718,13311,1428627,15797,1249678,14617,178949,9168,141124,8028,22827,2983,6022,1475,6018,1744,2958,1004,74883,4569,58812,3865,6644,1581,6244,1453,3155,1191,28,45,738,431,5175,1218,42597,3982,70272,4753,13092,1968,110334,5784
0400000US42,42,Pennsylvania,5867765,21065,4997269,22850,4507420,22663,489849,13376,384320,10912,58379,4057,21970,2413,16245,2605,8935,1613,327421,9805,218157,9189,5420,1004,44952,3845,58749,3920,143,146,4929,1095,7493,1189,31262,3135,228809,8053,42817,3311,227765,7559
0400000US44,44,Rhode Island,505361,7913,446574,7182,405997,7354,40577,3622,30982,2955,4966,1168,2778,1124,977,385,874,484,13420,2149,9654,1799,0,210,235,213,3448,969,83,140,218,227,278,195,2655,1052,20509,2617,5956,1652,15751,1972
0400000US45,45,South Carolina,2064944,15572,1897807,16541,1712699,15506,185108,7599,138452,6263,28261,3466,11560,2670,4126,1014,2709,1033,14559,2221,13473,2159,316,306,453,348,167,193,150,128,2176,784,4015,1015,6661,1203,51361,4198,20030,2141,68335,4721
0400000US46,46,South Dakota,427117,4859,379912,5152,340605,5336,39307,2987,27913,2690,6362,1136,2964,952,1126,531,942,556,1256,524,1075,454,0,155,0,155,0,155,181,272,47,80,1357,574,1553,609,17790,2106,2817,918,22385,2147
0400000US47,47,Tennessee,2837090,18828,2641028,18672,2380225,17855,260803,9414,204467,8310,34901,3557,10428,1738,7475,1952,3532,943,21201,2675,20229,2677,140,190,50,83,536,287,246,214,1489,704,4113,1016,5156,1173,38422,3591,25028,3162,100653,5560
0400000US48,48,Texas,11939372,33410,10849659,38105,9571029,38873,1278630,25371,959101,21473,187660,9582,76311,5806,38076,4503,17482,2709,187969,8519,165706,7696,2205,849,7672,1487,11490,1850,896,504,4895,1140,24179,3061,37269,4172,191481,8730,152800,7462,491120,15266
0400000US49,49,Utah,1307408,11591,1148595,12607,993715,12617,154880,7798,113151,6835,21851,2843,12835,2752,4268,1099,2775,725,30355,3231,18814,2565,2278,620,2478,855,6738,1401,47,81,667,471,4413,1083,10769,1926,33378,2856,12030,1907,67201,4104
0400000US50,50,Vermont,314505,4380,267663,4357,237018,4464,30645,2230,25480,2022,3035,734,1372,615,546,342,212,178,3749,1137,3562,1127,0,151,71,88,97,68,19,32,33,55,414,212,2852,862,16530,1708,1865,604,21399,1782
0400000US51,51,Virginia,4018400,20536,3488867,23829,3112188,24044,376679,10708,279463,9537,57952,4579,19692,2643,11940,2846,7632,1263,176996,7471,83777,5307,254,169,79025,4865,13778,1520,162,157,3417,844,8998,1806,18818,2819,99433,6177,39592,3766,182279,6807
0400000US53,53,Washington,3204510,17884,2652307,20540,2329647,20637,322660,12030,241158,10400,41815,4200,15280,2382,14176,2299,10231,1623,201096,9213,177288,8964,1116,606,4970,1299,7991,1523,9731,1420,1563,815,11095,1757,26793,2951,111765,5744,29598,3447,170293,7449
0400000US54,54,West Virginia,738848,9897,681833,10009,602320,9417,79513,4926,63120,4587,9826,1618,3125,913,1823,865,1619,670,5176,1226,4325,1152,0,190,220,290,631,376,0,190,586,326,473,275,559,318,20464,2773,6971,1389,22786,2341
0400000US55,55,Wisconsin,2822070,15380,2503972,16154,2272376,16799,231596,6486,179932,6018,29747,2696,11927,2083,5329,1093,4661,1027,55882,3694,53975,3656,272,204,282,189,1164,500,189,139,2111,759,7178,1100,23478,2686,99926,4614,14852,1754,114671,4663
0400000US56,56,Wyoming,290906,4133,255671,3952,224162,4530,31509,3568,21817,2853,5758,1318,2872,935,658,396,404,373,4455,1068,4419,1060,0,193,0,193,36,71,0,193,68,101,615,326,2278,903,13284,2370,3758,1086,10777,1854
0400000US72,72,Puerto Rico,1026188,11409,925511,12670,835025,12461,90486,5514,70294,5048,11223,1808,5407,1135,2102,838,1460,594,25706,2717,12216,1689,8160,1386,4749,1153,282,368,299,275,688,356,1369,497,2427,802,33122,2931,14685,2017,22680,2693
