GEO.id,GEO.id2,GEO.display-label,HD01_VD01,HD02_VD01,HD01_VD02,HD02_VD02,HD01_VD03,HD02_VD03,HD01_VD04,HD02_VD04,HD01_VD05,HD02_VD05,HD01_VD06,HD02_VD06,HD01_VD07,HD02_VD07,HD01_VD08,HD02_VD08,HD01_VD09,HD02_VD09,HD01_VD10,HD02_VD10,HD01_VD11,HD02_VD11,HD01_VD12,HD02_VD12,HD01_VD13,HD02_VD13,HD01_VD14,HD02_VD14,HD01_VD15,HD02_VD15,HD01_VD16,HD02_VD16,HD01_VD17,HD02_VD17,HD01_VD18,HD02_VD18,HD01_VD19,HD02_VD19,HD01_VD20,HD02_VD20,HD01_VD21,HD02_VD21
Id,Id2,Geography,Estimate; Total:,Margin of Error; Total:,"Estimate; Car, truck, or van:","Margin of Error; Car, truck, or van:","Estimate; Car, truck, or van: - Drove alone","Margin of Error; Car, truck, or van: - Drove alone","Estimate; Car, truck, or van: - Carpooled:","Margin of Error; Car, truck, or van: - Carpooled:","Estimate; Car, truck, or van: - Carpooled: - In 2-person carpool","Margin of Error; Car, truck, or van: - Carpooled: - In 2-person carpool","Estimate; Car, truck, or van: - Carpooled: - In 3-person carpool","Margin of Error; Car, truck, or van: - Carpooled: - In 3-person carpool","Estimate; Car, truck, or van: - Carpooled: - In 4-person carpool","Margin of Error; Car, truck, or van: - Carpooled: - In 4-person carpool","Estimate; Car, truck, or van: - Carpooled: - In 5- or 6-person carpool","Margin of Error; Car, truck, or van: - Carpooled: - In 5- or 6-person carpool","Estimate; Car, truck, or van: - Carpooled: - In 7-or-more-person carpool","Margin of Error; Car, truck, or van: - Carpooled: - In 7-or-more-person carpool",Estimate; Public transportation (excluding taxicab):,Margin of Error; Public transportation (excluding taxicab):,Estimate; Public transportation (excluding taxicab): - Bus or trolley bus,Margin of Error; Public transportation (excluding taxicab): - Bus or trolley bus,Estimate; Public transportation (excluding taxicab): - Streetcar or trolley car (carro publico in Puerto Rico),Margin of Error; Public transportation (excluding taxicab): - Streetcar or trolley car (carro publico in Puerto Rico),Estimate; Public transportation (excluding taxicab): - Subway or elevated,Margin of Error; Public transportation (excluding taxicab): - Subway or elevated,Estimate; Public transportation (excluding taxicab): - Railroad,Margin of Error; Public transportation (excluding taxicab): - Railroad,Estimate; Public transportation (excluding taxicab): - Ferryboat,Margin of Error; Public transportation (excluding taxicab): - Ferryboat,Estimate; Taxicab,Margin of Error; Taxicab,Estimate; Motorcycle,Margin of Error; Motorcycle,Estimate; Bicycle,Margin of Error; Bicycle,Estimate; Walked,Margin of Error; Walked,Estimate; Other means,Margin of Error; Other means,Estimate; Worked at home,Margin of Error; Worked at home
0400000US01,01,Alabama,1959883,14222,1856916,14279,1654802,15761,202114,7282,152905,7250,30966,3119,11919,1693,3512,1291,2812,1279,8323,1730,8220,1728,45,76,0,273,0,273,58,95,976,571,3365,993,2392,798,25810,2454,13675,2210,48426,3670
0400000US02,02,Alaska,334556,6259,272644,6184,228145,6510,44499,3490,35654,3389,5474,1223,1765,770,1174,602,432,202,4610,1311,4331,1315,0,244,0,244,0,244,279,212,1517,834,869,566,2689,937,26751,2243,10078,1573,15398,2206
0400000US04,04,Arizona,2752205,20509,2413036,19898,2087564,22624,325472,13615,254519,11830,41245,4684,15794,3096,7720,2219,6194,1405,56959,4947,53943,4849,595,326,752,402,1592,1020,77,127,2254,1099,13932,1870,26015,3297,65624,7231,32323,4689,142062,7340
0400000US05,05,Arkansas,1222789,14751,1133294,14714,991390,14838,141904,7327,109711,6072,21084,3143,5477,1338,3440,884,2192,855,5129,1495,4880,1470,0,273,0,273,45,72,204,281,544,453,3571,1022,1516,701,22866,3538,13461,1927,42408,3585
0400000US06,06,California,16145601,40942,13655364,44674,11782282,46356,1873082,25235,1413381,25344,264886,10775,99052,7308,50337,5241,45426,3683,839255,18403,624781,15591,22480,3111,131578,7041,54729,3888,5687,1104,6406,1749,54546,3897,158477,8272,447411,11843,151996,7963,832146,16574
0400000US08,08,Colorado,2465357,14253,2080936,15134,1832678,15729,248258,9635,195069,8743,31841,3599,13366,2477,5013,1261,2969,927,81529,4907,70585,4454,1547,711,5919,1379,3284,841,194,192,250,174,7534,1328,34500,4641,73437,5110,21078,2652,166093,6611
0400000US09,09,Connecticut,1708011,11768,1490699,12882,1346808,14047,143891,6954,116144,6503,15611,2192,5542,1554,3425,1257,3169,962,77276,5107,40947,3958,398,269,2458,682,33341,2879,132,205,1232,551,1702,635,5072,1249,50342,4450,11794,1972,69894,4619
0400000US10,10,Delaware,412892,5760,369416,5425,332469,5713,36947,4048,27545,3356,4906,1256,1116,606,710,471,2670,1839,15491,2455,13752,2458,0,263,181,148,1558,628,0,263,41,67,420,251,1255,569,9713,1693,3122,1139,13434,1820
0400000US11,11,District of Columbia,291083,5263,125490,5371,106115,4989,19375,2573,14335,2202,3457,1088,727,463,546,430,310,273,108046,5037,45901,3717,349,437,60391,3862,1405,570,0,296,1362,785,582,392,6306,1564,32328,3031,1928,740,15041,1984
0400000US12,12,Florida,7892572,35030,7074398,35292,6255178,32078,819220,20095,638317,16343,104847,7367,39029,5644,20924,4770,16103,2813,148707,9082,137540,8726,912,519,6452,1286,3585,1086,218,192,5449,1384,27724,3352,51684,5067,118132,8636,91327,7915,375151,11634
0400000US13,13,Georgia,4289657,27610,3834294,28477,3364553,26246,469741,13577,359781,12065,61868,6045,27163,3629,13521,3089,7408,1353,105688,9058,83467,8069,1780,1063,17043,2663,3202,1009,196,201,7468,2783,7317,1506,10158,2418,70992,6304,46407,4349,207333,7306
0400000US15,15,Hawaii,638154,6055,521857,6976,432324,7387,89533,4783,67442,4044,11082,1599,6964,2266,3317,1131,728,521,38192,3319,37686,3358,210,317,51,85,49,81,196,160,300,228,4743,1316,8128,2218,29016,2914,7245,1816,28673,2920
0400000US16,16,Idaho,674773,7681,597218,8418,523240,9314,73978,4941,56156,4146,10105,1642,4971,1286,1666,574,1080,475,6716,1417,6536,1398,0,263,107,141,73,125,0,263,432,311,3061,766,7831,1505,17568,1911,7394,1611,34553,3005
0400000US17,17,Illinois,5918382,18686,4877161,21197,4347350,22640,529811,14392,428377,12026,65436,4995,20782,2883,8574,1762,6642,1295,520515,11902,223747,8350,4782,1284,158641,7422,132899,6337,446,435,10824,1755,6832,1247,33449,3006,189926,8025,46997,3926,232678,7593
0400000US18,18,Indiana,2875125,17262,2652285,18478,2386963,19999,265322,9025,210074,7738,29922,3057,13427,2254,6480,1305,5419,1436,30202,3074,24060,2782,51,86,527,334,5520,1224,44,75,1972,810,3400,817,12069,1727,62950,4582,17550,2482,94697,5434
0400000US19,19,Iowa,1525678,9361,1353098,9317,1204228,9505,148870,5402,118698,5257,18310,2244,6930,1576,2916,924,2016,615,17563,2511,17452,2497,64,108,47,79,0,228,0,228,265,183,2699,648,5797,1289,61390,3728,9477,1421,75389,4445
0400000US20,20,Kansas,1368759,10173,1240641,10386,1111028,9823,129613,5979,104047,5410,16554,2099,3563,797,3477,1496,1972,573,6124,1534,6044,1524,0,244,80,101,0,244,0,244,819,464,4189,1030,5369,1226,38761,3998,13809,1735,59047,3857
0400000US21,21,Kentucky,1825471,14453,1681020,15073,1487291,14428,193729,8181,152769,7406,26317,3381,8035,1645,3182,1439,3426,1246,22449,2825,22290,2829,99,123,0,273,0,273,60,95,938,574,2478,813,4129,1047,43922,3969,13464,1926,57071,4198
0400000US22,22,Louisiana,1961548,15912,1812203,16227,1604366,16583,207837,9449,156556,7780,29522,3555,10667,2014,7152,2308,3940,1228,24562,2559,22438,2326,1779,868,120,144,18,33,207,323,1712,651,4372,903,8056,1666,39371,3762,22793,3182,48479,3517
0400000US23,23,Maine,636449,7649,562349,8467,498059,8300,64290,4067,53600,4094,6199,1185,2347,894,1130,509,1014,461,4295,1176,3800,1135,9,17,176,188,231,297,79,65,1287,681,615,406,3202,807,26414,2831,4477,803,33810,2609
0400000US24,24,Maryland,2840465,14868,2368603,17727,2084261,16455,284342,10607,219398,9504,42188,4373,11342,1996,6043,1676,5371,1291,248834,9273,117611,6901,2522,1014,106853,6144,21848,2639,0,285,4217,1216,2742,642,10315,2097,74434,6098,14168,1923,117152,5485
0400000US25,25,Massachusetts,3231739,16169,2588500,19921,2323118,18339,265382,8724,211453,7868,32983,4153,9210,1780,6320,1583,5416,1538,304289,11540,101224,6736,8640,1865,140383,8184,51487,3079,2555,736,6399,1702,2963,828,26832,3658,151189,7649,15207,2290,136360,5704
0400000US26,26,Michigan,4136395,22473,3787547,21684,3416716,20818,370831,9513,303403,9450,44885,3573,12642,1941,6296,1295,3605,897,54008,4291,52521,4263,699,504,361,267,107,126,320,251,3511,994,4662,830,19689,2579,98309,5475,21087,2194,147582,5465
0400000US27,27,Minnesota,2657698,12830,2317456,14884,2072837,14434,244619,6611,195455,5692,28177,2298,11151,2340,6304,1313,3532,1016,91099,5481,86975,5392,352,242,2179,789,1496,618,97,131,1236,723,5279,895,18968,2099,77059,4399,15350,2023,131251,5189
0400000US28,28,Mississippi,1186525,12611,1118413,12892,991127,13915,127286,7615,98644,6212,17269,2839,5358,1477,4202,1122,1813,704,4913,1124,4883,1118,0,291,0,291,0,291,30,51,249,195,897,439,995,439,19684,3014,10637,1960,30737,3230
0400000US29,29,Missouri,2751847,15991,2503452,18369,2228743,18954,274709,9953,221380,8598,32100,3027,12541,2113,3992,1068,4696,1181,40702,3672,36114,3509,394,336,3839,1042,355,290,0,259,3090,1058,4828,1070,6936,1314,54127,4685,19739,2096,118973,4986
0400000US30,30,Montana,457865,6323,389392,6372,344607,6311,44785,3972,34127,3296,5629,1359,3149,1466,1110,423,770,504,3845,1113,3536,970,0,240,99,116,210,330,0,240,53,90,985,495,7946,1365,24724,2635,3800,968,27120,2294
0400000US31,31,Nebraska,920601,7536,834052,8127,739945,8457,94107,4826,72585,4465,13389,1893,6076,1366,1209,589,848,347,5811,1241,5738,1247,0,228,73,93,0,228,0,228,603,493,1295,524,4126,1364,30642,3099,3998,1045,40074,3019
0400000US32,32,Nevada,1202588,13404,1076714,14803,952931,13402,123783,6581,98908,6184,13701,2099,7151,2417,2080,803,1943,774,37670,3621,37517,3605,0,302,0,302,93,148,60,112,382,234,4875,1183,4811,1398,25187,3177,12117,1874,40832,3572
0400000US33,33,New Hampshire,678576,7797,612281,9362,558066,8743,54215,3945,46090,3508,5759,1411,1263,632,618,389,485,308,3895,932,3140,814,78,107,204,192,473,338,0,255,224,158,727,347,2608,1169,19158,2309,4123,965,35560,2939
0400000US34,34,New Jersey,4098665,21214,3284005,21152,2926129,19747,357876,10645,269239,9995,45946,4049,20736,2713,12473,2729,9482,2042,435062,10791,249723,9065,5501,1445,63516,3904,106443,5042,9879,1574,8251,1957,1826,715,13239,2471,137504,6845,56608,5570,162170,7596
0400000US35,35,New Mexico,862556,11616,771103,11831,672002,12077,99101,7165,75081,5700,15009,2599,4971,1227,2329,983,1711,775,9469,1592,8545,1667,0,283,55,90,869,369,0,283,48,79,3239,958,5870,1239,20989,2957,6741,1447,45097,3885
0400000US36,36,New York,8906053,30271,5466422,30521,4808215,25501,658207,16227,507651,13871,83722,5990,31229,3008,20298,2997,15307,2684,2371336,24473,573000,12966,13029,2050,1541449,19771,236324,8031,7534,1625,52790,4670,9087,1604,39185,3870,574322,13438,49097,4023,343814,11587
0400000US37,37,North Carolina,4152303,21012,3800348,20841,3355251,21778,445097,14310,340482,12348,57527,4299,23981,3451,14564,2526,8543,1746,42214,3977,38806,3946,590,584,2012,781,221,181,585,327,2852,932,7343,1363,10766,2206,82681,6528,25356,3251,180743,10092
0400000US38,38,North Dakota,345194,3835,307615,4034,270949,4363,36666,2798,27549,2210,5211,1177,2212,827,1376,820,318,215,1096,524,1096,524,0,208,0,208,0,208,0,208,178,164,325,189,1353,562,12419,1380,2480,838,19728,1719
0400000US39,39,Ohio,5165708,21181,4722656,20888,4289333,20904,433323,10657,353108,9513,45916,4642,18534,2191,8581,1676,7184,1175,91891,6306,86131,6261,878,602,2845,803,1452,536,585,565,3503,952,6224,1275,13780,2049,116395,6032,25498,2499,185761,7846
0400000US40,40,Oklahoma,1645352,13265,1529271,12748,1348820,12905,180451,7349,142028,6023,24292,3217,8552,1836,3699,1358,1880,903,6931,1359,6719,1354,0,251,45,77,84,135,83,107,862,468,4013,959,3964,1089,30444,2881,13653,2301,56214,3944
0400000US41,41,Oregon,1705433,13423,1405081,12916,1228105,13018,176976,6233,143692,6092,19832,2746,7730,1679,3504,1321,2218,820,69653,4798,56749,4199,6754,1656,3786,901,2328,739,36,65,821,401,5031,1028,39920,3772,65863,4968,10201,1583,108863,6321
0400000US42,42,Pennsylvania,5749703,25567,4931862,27058,4416654,26899,515208,11790,422678,11548,55315,4497,17247,2387,10266,1587,9702,1405,303910,10354,210515,8282,7474,1501,32418,3353,53503,4142,0,246,5980,1574,6548,952,29316,3410,227700,8253,32843,2798,211544,8309
0400000US44,44,Rhode Island,501342,7232,447829,7941,402807,7375,45022,3956,36049,3394,4906,1196,1496,910,1437,1037,1134,553,13901,2334,11203,2072,241,285,788,529,1597,573,72,119,223,222,264,313,1978,669,15797,1845,3305,1214,18045,2483
0400000US45,45,South Carolina,1961234,14358,1806049,15389,1608998,15718,197051,8456,149881,6998,26589,2801,8759,1747,7545,2003,4277,1894,12386,2229,10891,2009,295,204,1008,815,118,147,74,165,1663,735,3277,1033,5819,1263,36672,3110,19240,2821,76128,5145
0400000US46,46,South Dakota,412997,5384,361556,5205,319424,6217,42132,3785,30923,2994,6687,1417,2563,1086,1582,871,377,290,1897,668,1779,641,0,223,108,183,0,223,10,17,79,116,1572,681,2353,682,17914,2049,3045,658,24581,2331
0400000US47,47,Tennessee,2720140,15757,2537445,16917,2269814,17796,267631,9432,211159,9037,35745,3411,13946,2376,3716,949,3065,845,22944,2873,21173,2667,314,320,572,356,787,394,98,171,1112,600,3558,1139,3004,1036,38131,3625,22013,2515,91933,5126
0400000US48,48,Texas,11074127,32720,10072531,32137,8812987,36397,1259544,22118,941779,17167,189949,8647,69961,6035,39250,5879,18605,2879,176212,8446,160639,7987,2878,956,5900,1007,6728,1557,67,86,5190,1267,25647,2569,26211,3412,192756,7059,158080,9751,417500,11759
0400000US49,49,Utah,1258095,8884,1104587,10335,957709,10667,146878,6495,108755,5990,21797,2965,8263,1461,4112,1359,3951,843,30266,3577,24671,3155,1531,720,1220,527,2844,728,0,265,252,296,5697,1353,10584,1681,36985,3491,8776,1755,60948,4554
0400000US50,50,Vermont,316524,4662,268385,4717,236756,4996,31629,2982,25988,2659,3965,972,616,280,598,380,462,236,2759,875,2484,833,24,41,77,125,113,146,61,99,71,76,735,385,2550,849,17214,2064,1890,601,22920,1892
0400000US51,51,Virginia,3822714,17210,3359765,17759,2962941,19061,396824,10453,296754,8781,59875,4921,20883,2585,7603,1805,11709,2305,168359,8575,79598,6019,1501,839,75891,5485,11204,1494,165,220,3378,1217,6737,1266,12571,1642,85818,6281,28912,3382,157174,8291
0400000US53,53,Washington,3093139,17921,2580539,19105,2229703,20003,350836,12104,272458,10060,40821,4604,12046,1958,10584,1846,14927,2468,181767,7981,167941,7619,451,348,1259,696,5257,1157,6859,1113,1413,628,10176,1627,28395,2777,103950,6498,24286,3016,162613,8251
0400000US54,54,West Virginia,744918,8399,684850,9753,608302,10629,76548,4424,61461,3762,10004,1928,2912,800,1591,745,580,318,6396,1427,5132,1258,25,43,83,107,1156,656,0,269,447,332,568,373,1208,551,20652,2582,5295,1284,25502,2156
0400000US55,55,Wisconsin,2815316,14056,2506052,13710,2247979,12418,258073,8207,207946,6859,28600,2627,12630,1743,4966,1246,3931,904,53377,4143,51039,4002,66,94,271,193,1790,711,211,185,2048,509,8452,1405,20009,2375,94869,5016,15508,1912,115001,4558
0400000US56,56,Wyoming,277047,4160,244059,4131,213983,4896,30076,2906,21679,2366,4775,1039,2424,849,950,410,248,214,3901,1058,3901,1058,0,265,0,265,0,265,0,265,59,101,601,432,2308,858,9347,1464,2305,835,14467,2262
0400000US72,72,Puerto Rico,1156827,11194,1020516,10821,901252,11519,119264,6174,92874,5393,17855,2841,3951,1028,3151,1036,1433,857,35804,3060,15836,2022,12390,1898,6061,1180,430,386,1087,428,558,420,2852,895,2633,919,46251,3929,22227,2570,25986,3169
