State,GEOID,NHTS2009_Annual_PT_Million,NHTS2009_AvgPerTripLength_Mile,NHTS2009_AvgPerTripDuration_Minute,Mode,Year,ACS_Popu,ACS_CommutePopu,AF1,AF2,Estimated_Annual_Trips_Million,Estimated_Annual_MilesTraveled_Million,Estimated_Annual_HoursTraveled_Million
Alabama,01,154,0.37,14.49,Bike,2009,4708708,2392,176.39,1.00,154.00,56.98,37.19
Alaska,02,10,1.27,12.97,Bike,2009,698473,2689,10.19,1.00,10.00,12.70,2.16
Arizona,04,97,1.71,12.94,Bike,2009,6595778,26015,10.22,1.00,97.04,165.94,20.93
Arkansas,05,2,0.67,11.58,Bike,2009,2889450,1516,3.61,1.00,2.00,1.34,0.39
California,06,660,2.89,22.31,Bike,2009,36961664,158477,11.41,1.00,660.00,1907.40,245.41
Colorado,08,159,3.6,21.91,Bike,2009,5024748,34500,12.63,1.00,159.04,572.54,58.08
Connecticut,09,33,1.29,7.14,Bike,2009,3518288,5072,17.83,1.00,33.01,42.58,3.93
Delaware,10,3,0.54,18.51,Bike,2009,885122,1255,6.55,1.00,3.00,1.62,0.93
District of Columbia,11,11,1.6,21.41,Bike,2009,599657,6306,4.78,1.00,11.00,17.60,3.93
Florida,12,283,1.93,17.8,Bike,2009,18537969,51684,15.00,1.00,282.97,546.13,83.95
Georgia,13,94,1.51,17.05,Bike,2009,9829211,10158,25.35,1.00,93.99,141.92,26.71
Hawaii,15,17,6.63,43.83,Bike,2009,1295178,8128,5.73,1.00,17.00,112.71,12.42
Idaho,16,20,3.87,29.27,Bike,2009,1545801,7831,7.00,1.00,20.01,77.44,9.76
Illinois,17,297,2.25,17.43,Bike,2009,12910409,33449,24.33,1.00,297.04,668.34,86.29
Indiana,18,91,1.44,18.8,Bike,2009,6423113,12069,20.66,1.00,91.01,131.05,28.52
Iowa,19,62,1.99,22.71,Bike,2009,3007857,5797,29.30,1.00,62.00,123.38,23.47
Kansas,20,19,2.14,13.27,Bike,2009,2818747,5369,9.70,1.00,19.01,40.68,4.20
Kentucky,21,50,0.64,17.96,Bike,2009,4314113,4129,33.18,1.00,50.01,32.01,14.97
Louisiana,22,36,4.46,20.11,Bike,2009,4492076,8056,12.24,1.00,35.99,160.52,12.06
Maine,23,6,4.16,29.03,Bike,2009,1318301,3202,5.13,1.00,6.00,24.96,2.90
Maryland,24,90,4.88,23.37,Bike,2009,5699478,10315,23.90,1.00,89.98,439.10,35.05
Massachusetts,25,26,4.08,35.58,Bike,2009,6593587,26832,2.65,1.00,25.95,105.88,15.39
Michigan,26,177,1.29,19.28,Bike,2009,9969727,19689,24.63,1.00,177.00,228.33,56.88
Minnesota,27,115,2.33,17.01,Bike,2009,5266215,18968,16.61,1.00,115.00,267.95,32.60
Mississippi,28,20,0.63,5.57,Bike,2009,2951996,995,55.07,1.00,20.00,12.60,1.86
Missouri,29,45,2.29,23.64,Bike,2009,5987580,6936,17.78,1.00,45.01,103.07,17.73
Montana,30,12,2.12,25.17,Bike,2009,974989,7946,4.14,1.00,12.01,25.46,5.04
Nebraska,31,32,2.48,14.89,Bike,2009,1796622,4126,21.25,1.00,32.00,79.36,7.94
Nevada,32,25,1.32,16.25,Bike,2009,2643085,4811,14.24,1.00,25.01,33.01,6.77
New Hampshire,33,12,7.65,48.49,Bike,2009,1324575,2608,12.61,1.00,12.00,91.80,9.70
New Jersey,34,58,3.42,26.59,Bike,2009,8707740,13239,12.00,1.00,57.99,198.33,25.70
New Mexico,35,7,0.99,13.05,Bike,2009,2009671,5870,3.27,1.00,7.01,6.94,1.52
New York,36,165,1.93,20.81,Bike,2009,19541453,39185,11.54,1.00,165.05,318.55,57.24
North Carolina,37,99,2.28,16.54,Bike,2009,9380884,10766,25.19,1.00,98.99,225.70,27.29
North Dakota,38,4,1.19,12.77,Bike,2009,646844,1353,8.10,1.00,4.00,4.76,0.85
Ohio,39,123,1.77,17.87,Bike,2009,11542645,13780,24.45,1.00,122.98,217.67,36.63
Oklahoma,40,74,1.76,14.26,Bike,2009,3687050,3964,51.15,1.00,74.01,130.26,17.59
Oregon,41,130,2.98,20.88,Bike,2009,3825657,39920,8.92,1.00,129.97,387.31,45.23
Pennsylvania,42,92,2.62,16.57,Bike,2009,12604767,29316,8.60,1.00,92.02,241.09,25.41
Rhode Island,44,10,1.12,18.16,Bike,2009,1053209,1978,13.85,1.00,10.00,11.20,3.03
South Carolina,45,51,1.34,19.98,Bike,2009,4561242,5819,24.01,1.00,51.00,68.34,16.98
South Dakota,46,26,1.04,11.3,Bike,2009,812383,2353,30.27,1.00,26.00,27.04,4.90
Tennessee,47,31,1.26,15.75,Bike,2009,6296254,3004,28.27,1.00,31.00,39.06,8.14
Texas,48,250,1.76,20,Bike,2009,24782302,26211,26.13,1.00,249.99,439.98,83.33
Utah,49,57,1.46,13.85,Bike,2009,2784572,10584,14.75,1.00,56.98,83.19,13.15
Vermont,50,10,3.4,21.62,Bike,2009,621760,2550,10.74,1.00,10.00,34.00,3.60
Virginia,51,71,3.2,22.95,Bike,2009,7882590,12571,15.47,1.00,70.98,227.14,27.15
Washington,53,71,2.4,21.42,Bike,2009,6664195,28395,6.85,1.00,70.99,170.38,25.34
West Virginia,54,17,1.03,20.77,Bike,2009,1819777,1208,38.56,1.00,17.00,17.51,5.88
Wisconsin,55,74,2.21,17.3,Bike,2009,5654774,20009,10.13,1.00,73.98,163.50,21.33
Wyoming,56,3,1.29,7.1,Bike,2009,544270,2308,3.56,1.00,3.00,3.87,0.36
Puerto Rico,72,0,0,0,Bike,2009,3967288,2633,0.00,1.00,0.00,0.00,0.00
Alabama,01,234,0.92,12.67,Walk,2009,4708708,25810,24.84,1.00,234.01,215.29,49.42
Alaska,02,100,0.72,14.19,Walk,2009,698473,26751,10.24,1.00,99.98,71.99,23.65
Arizona,04,745,0.72,17.92,Walk,2009,6595778,65624,31.10,1.00,744.93,536.35,222.49
Arkansas,05,203,0.55,14.78,Walk,2009,2889450,22866,24.32,1.00,202.98,111.64,50.00
California,06,6273,0.72,16.11,Walk,2009,36961664,447411,38.41,1.00,6272.55,4516.24,1684.18
Colorado,08,671,0.75,13.23,Walk,2009,5024748,73437,25.03,1.00,670.92,503.19,147.94
Connecticut,09,568,0.76,25.81,Walk,2009,3518288,50342,30.91,1.00,567.97,431.66,244.32
Delaware,10,93,0.6,13.08,Walk,2009,885122,9713,26.23,1.00,92.99,55.79,20.27
District of Columbia,11,196,0.57,13.36,Walk,2009,599657,32328,16.61,1.00,195.99,111.71,43.64
Florida,12,2100,0.66,14.28,Walk,2009,18537969,118132,48.70,1.00,2099.86,1385.91,499.77
Georgia,13,886,0.71,15.19,Walk,2009,9829211,70992,34.19,1.00,885.93,629.01,224.29
Hawaii,15,210,0.92,17.04,Walk,2009,1295178,29016,19.83,1.00,210.02,193.22,59.65
Idaho,16,229,0.62,14.17,Walk,2009,1545801,17568,35.71,1.00,228.98,141.97,54.08
Illinois,17,2287,0.57,12.49,Walk,2009,12910409,189926,32.99,1.00,2286.97,1303.57,476.07
Indiana,18,562,0.59,12.91,Walk,2009,6423113,62950,24.46,1.00,562.01,331.59,120.93
Iowa,19,271,0.67,13.79,Walk,2009,3007857,61390,12.09,1.00,270.90,181.50,62.26
Kansas,20,244,0.8,15.25,Walk,2009,2818747,38761,17.25,1.00,244.05,195.24,62.03
Kentucky,21,383,0.68,12.72,Walk,2009,4314113,43922,23.89,1.00,382.99,260.43,81.19
Louisiana,22,400,0.89,13.84,Walk,2009,4492076,39371,27.83,1.00,399.93,355.94,92.25
Maine,23,143,0.61,14.32,Walk,2009,1318301,26414,14.83,1.00,142.98,87.22,34.12
Maryland,24,863,0.54,11.77,Walk,2009,5699478,74434,31.76,1.00,862.87,465.95,169.27
Massachusetts,25,1228,0.97,16.54,Walk,2009,6593587,151189,22.25,1.00,1227.84,1191.00,338.47
Michigan,26,1163,0.79,15.91,Walk,2009,9969727,98309,32.41,1.00,1162.96,918.74,308.38
Minnesota,27,893,0.69,17.65,Walk,2009,5266215,77059,31.75,1.00,893.02,616.18,262.70
Mississippi,28,294,0.7,11.91,Walk,2009,2951996,19684,40.92,1.00,294.00,205.80,58.36
Missouri,29,418,0.83,15.67,Walk,2009,5987580,54127,21.16,1.00,418.04,346.97,109.18
Montana,30,113,0.54,10.58,Walk,2009,974989,24724,12.52,1.00,112.98,61.01,19.92
Nebraska,31,148,0.78,14.51,Walk,2009,1796622,30642,13.23,1.00,147.97,115.42,35.78
Nevada,32,194,0.92,18.59,Walk,2009,2643085,25187,21.10,1.00,193.98,178.46,60.10
New Hampshire,33,176,0.73,15.62,Walk,2009,1324575,19158,25.17,1.00,176.01,128.49,45.82
New Jersey,34,1292,0.55,11.36,Walk,2009,8707740,137504,25.74,1.00,1291.86,710.52,244.59
New Mexico,35,183,0.8,14.89,Walk,2009,2009671,20989,23.89,1.00,183.02,146.42,45.42
New York,36,5344,0.76,14.82,Walk,2009,19541453,574322,25.49,1.00,5343.41,4060.99,1319.82
North Carolina,37,755,0.67,13.74,Walk,2009,9380884,82681,25.02,1.00,755.07,505.90,172.91
North Dakota,38,81,0.35,6.93,Walk,2009,646844,12419,17.87,1.00,81.00,28.35,9.36
Ohio,39,1302,0.73,19.08,Walk,2009,11542645,116395,30.65,1.00,1302.14,950.56,414.08
Oklahoma,40,337,0.59,12.73,Walk,2009,3687050,30444,30.33,1.00,337.03,198.85,71.51
Oregon,41,804,0.78,15.45,Walk,2009,3825657,65863,33.44,1.00,803.90,627.04,207.00
Pennsylvania,42,1819,0.56,12.95,Walk,2009,12604767,227700,21.89,1.00,1819.29,1018.80,392.66
Rhode Island,44,143,0.41,9.27,Walk,2009,1053209,15797,24.80,1.00,142.99,58.63,22.09
South Carolina,45,384,0.68,13.78,Walk,2009,4561242,36672,28.69,1.00,384.02,261.13,88.20
South Dakota,46,102,0.62,9.95,Walk,2009,812383,17914,15.60,1.00,102.00,63.24,16.92
Tennessee,47,386,0.62,13.09,Walk,2009,6296254,38131,27.73,1.00,385.94,239.28,84.20
Texas,48,2334,0.68,14.5,Walk,2009,24782302,192756,33.17,1.00,2333.71,1586.92,563.98
Utah,49,470,0.49,11.73,Walk,2009,2784572,36985,34.82,1.00,470.05,230.32,91.89
Vermont,50,87,0.78,16.02,Walk,2009,621760,17214,13.85,1.00,87.02,67.88,23.23
Virginia,51,986,0.71,14.99,Walk,2009,7882590,85818,31.48,1.00,986.07,700.11,246.35
Washington,53,984,0.68,14.81,Walk,2009,6664195,103950,25.93,1.00,983.83,669.00,242.84
West Virginia,54,178,0.57,22.48,Walk,2009,1819777,20652,23.61,1.00,177.97,101.44,66.68
Wisconsin,55,644,0.72,15.17,Walk,2009,5654774,94869,18.60,1.00,644.07,463.73,162.84
Wyoming,56,56,0.7,13.22,Walk,2009,544270,9347,16.41,1.00,55.99,39.19,12.34
Puerto Rico,72,0,0,0,Walk,2009,3967288,46251,0.00,1.00,0.00,0.00,0.00
Alabama,01,154,0.37,14.49,Bike,2010,4785298,2322,176.39,1.02,152.49,56.42,36.83
Alaska,02,10,1.27,12.97,Bike,2010,713985,4542,10.19,1.02,17.23,21.88,3.72
Arizona,04,97,1.71,12.94,Bike,2010,6413737,22303,10.22,0.97,80.70,138.00,17.40
Arkansas,05,2,0.67,11.58,Bike,2010,2921606,746,3.61,1.01,0.99,0.66,0.19
California,06,660,2.89,22.31,Bike,2010,37349363,160016,11.41,1.01,673.07,1945.17,250.27
Colorado,08,159,3.6,21.91,Bike,2010,5049071,27563,12.63,1.00,127.06,457.42,46.40
Connecticut,09,33,1.29,7.14,Bike,2010,3577073,4326,17.83,1.02,28.72,37.05,3.42
Delaware,10,3,0.54,18.51,Bike,2010,899769,630,6.55,1.02,1.54,0.83,0.48
District of Columbia,11,11,1.6,21.41,Bike,2010,604453,9288,4.78,1.01,16.37,26.19,5.84
Florida,12,283,1.93,17.8,Bike,2010,18843326,51006,15.00,1.02,284.84,549.74,84.50
Georgia,13,94,1.51,17.05,Bike,2010,9712587,8498,25.35,0.99,77.84,117.54,22.12
Hawaii,15,17,6.63,43.83,Bike,2010,1363621,5653,5.73,1.05,12.41,82.28,9.07
Idaho,16,20,3.87,29.27,Bike,2010,1571450,8114,7.00,1.02,21.15,81.85,10.32
Illinois,17,297,2.25,17.43,Bike,2010,12843166,33427,24.33,0.99,293.88,661.23,85.37
Indiana,18,91,1.44,18.8,Bike,2010,6490621,11568,20.66,1.01,88.11,126.88,27.61
Iowa,19,62,1.99,22.71,Bike,2010,3049883,7902,29.30,1.01,85.35,169.85,32.30
Kansas,20,19,2.14,13.27,Bike,2010,2859169,5170,9.70,1.01,18.49,39.57,4.09
Kentucky,21,50,0.64,17.96,Bike,2010,4346266,3211,33.18,1.01,39.28,25.14,11.76
Louisiana,22,36,4.46,20.11,Bike,2010,4544228,6675,12.24,1.01,30.12,134.34,10.10
Maine,23,6,4.16,29.03,Bike,2010,1327567,4179,5.13,1.01,7.90,32.86,3.82
Maryland,24,90,4.88,23.37,Bike,2010,5785982,5674,23.90,1.02,50.49,246.39,19.67
Massachusetts,25,26,4.08,35.58,Bike,2010,6557254,19732,2.65,0.99,18.89,77.07,11.20
Michigan,26,177,1.29,19.28,Bike,2010,9877574,15256,24.63,0.99,135.78,175.16,43.63
Minnesota,27,115,2.33,17.01,Bike,2010,5310584,17271,16.61,1.01,105.76,246.42,29.98
Mississippi,28,20,0.63,5.57,Bike,2010,2970036,878,55.07,1.01,17.82,11.23,1.65
Missouri,29,45,2.29,23.64,Bike,2010,5996231,7046,17.78,1.00,45.73,104.72,18.02
Montana,30,12,2.12,25.17,Bike,2010,990898,4943,4.14,1.02,7.62,16.15,3.20
Nebraska,31,32,2.48,14.89,Bike,2010,1830429,3782,21.25,1.02,29.92,74.20,7.43
Nevada,32,25,1.32,16.25,Bike,2010,2704642,7344,14.24,1.02,38.93,51.39,10.54
New Hampshire,33,12,7.65,48.49,Bike,2010,1316759,1048,12.61,0.99,4.78,36.57,3.86
New Jersey,34,58,3.42,26.59,Bike,2010,8801624,15766,12.00,1.01,69.75,238.55,30.91
New Mexico,35,7,0.99,13.05,Bike,2010,2065932,5515,3.27,1.03,6.78,6.71,1.47
New York,36,165,1.93,20.81,Bike,2010,19392283,41232,11.54,0.99,171.94,331.84,59.63
North Carolina,37,99,2.28,16.54,Bike,2010,9561558,9961,25.19,1.02,93.42,213.00,25.75
North Dakota,38,4,1.19,12.77,Bike,2010,674499,2123,8.10,1.04,6.53,7.77,1.39
Ohio,39,123,1.77,17.87,Bike,2010,11536182,15065,24.45,1.00,134.44,237.96,40.04
Oklahoma,40,74,1.76,14.26,Bike,2010,3761702,4046,51.15,1.02,77.05,135.61,18.31
Oregon,41,130,2.98,20.88,Bike,2010,3838957,37424,8.92,1.00,121.85,363.11,42.40
Pennsylvania,42,92,2.62,16.57,Bike,2010,12709630,22559,8.60,1.01,71.52,187.38,19.75
Rhode Island,44,10,1.12,18.16,Bike,2010,1052886,3370,13.85,1.00,17.04,19.08,5.16
South Carolina,45,51,1.34,19.98,Bike,2010,4636312,7105,24.01,1.02,63.51,85.10,21.15
South Dakota,46,26,1.04,11.3,Bike,2010,816463,1852,30.27,1.01,20.67,21.50,3.89
Tennessee,47,31,1.26,15.75,Bike,2010,6356897,3421,28.27,1.01,35.65,44.92,9.36
Texas,48,250,1.76,20,Bike,2010,25257114,26379,26.13,1.02,256.62,451.65,85.54
Utah,49,57,1.46,13.85,Bike,2010,2776469,8646,14.75,1.00,46.55,67.96,10.75
Vermont,50,10,3.4,21.62,Bike,2010,625960,1867,10.74,1.01,7.39,25.13,2.66
Virginia,51,71,3.2,22.95,Bike,2010,8024617,12891,15.47,1.02,74.25,237.60,28.40
Washington,53,71,2.4,21.42,Bike,2010,6744496,27880,6.85,1.01,70.40,168.96,25.13
West Virginia,54,17,1.03,20.77,Bike,2010,1853973,931,38.56,1.02,13.37,13.77,4.63
Wisconsin,55,74,2.21,17.3,Bike,2010,5691047,20748,10.13,1.01,77.48,171.23,22.34
Wyoming,56,3,1.29,7.1,Bike,2010,564460,2392,3.56,1.04,3.23,4.17,0.38
Puerto Rico,72,0,0,0,Bike,2010,3722133,2384,0.00,0.94,0.00,0.00,0.00
Alabama,01,234,0.92,12.67,Walk,2010,4785298,25853,24.84,1.02,239.09,219.96,50.49
Alaska,02,100,0.72,14.19,Walk,2010,713985,27069,10.24,1.02,103.20,74.30,24.41
Arizona,04,745,0.72,17.92,Walk,2010,6413737,52391,31.10,0.97,576.87,415.35,172.29
Arkansas,05,203,0.55,14.78,Walk,2010,2921606,22201,24.32,1.01,199.04,109.47,49.03
California,06,6273,0.72,16.11,Walk,2010,37349363,429786,38.41,1.01,6085.70,4381.70,1634.01
Colorado,08,671,0.75,13.23,Walk,2010,5049071,72320,25.03,1.00,660.71,495.53,145.69
Connecticut,09,568,0.76,25.81,Walk,2010,3577073,48348,30.91,1.02,556.38,422.85,239.34
Delaware,10,93,0.6,13.08,Walk,2010,899769,9044,26.23,1.02,88.32,52.99,19.25
District of Columbia,11,196,0.57,13.36,Walk,2010,604453,34895,16.61,1.01,213.67,121.79,47.58
Florida,12,2100,0.66,14.28,Walk,2010,18843326,130004,48.70,1.02,2357.10,1555.69,560.99
Georgia,13,886,0.71,15.19,Walk,2010,9712587,60545,34.19,0.99,748.01,531.09,189.37
Hawaii,15,210,0.92,17.04,Walk,2010,1363621,29641,19.83,1.05,225.27,207.25,63.98
Idaho,16,229,0.62,14.17,Walk,2010,1571450,21488,35.71,1.02,285.68,177.12,67.47
Illinois,17,2287,0.57,12.49,Walk,2010,12843166,178901,32.99,0.99,2132.67,1215.62,443.95
Indiana,18,562,0.59,12.91,Walk,2010,6490621,62196,24.46,1.01,560.83,330.89,120.67
Iowa,19,271,0.67,13.79,Walk,2010,3049883,54328,12.09,1.01,242.14,162.23,55.65
Kansas,20,244,0.8,15.25,Walk,2010,2859169,35048,17.25,1.01,222.88,178.30,56.65
Kentucky,21,383,0.68,12.72,Walk,2010,4346266,31407,23.89,1.01,276.60,188.09,58.64
Louisiana,22,400,0.89,13.84,Walk,2010,4544228,38366,27.83,1.01,393.62,350.32,90.80
Maine,23,143,0.61,14.32,Walk,2010,1327567,21874,14.83,1.01,119.59,72.95,28.54
Maryland,24,863,0.54,11.77,Walk,2010,5785982,64917,31.76,1.02,767.59,414.50,150.58
Massachusetts,25,1228,0.97,16.54,Walk,2010,6557254,147318,22.25,0.99,1184.44,1148.91,326.51
Michigan,26,1163,0.79,15.91,Walk,2010,9877574,88131,32.41,0.99,1032.13,815.38,273.69
Minnesota,27,893,0.69,17.65,Walk,2010,5310584,74469,31.75,1.01,871.63,601.42,256.40
Mississippi,28,294,0.7,11.91,Walk,2010,2970036,20115,40.92,1.01,303.44,212.41,60.23
Missouri,29,418,0.83,15.67,Walk,2010,5996231,55578,21.16,1.00,429.25,356.28,112.11
Montana,30,113,0.54,10.58,Walk,2010,990898,23813,12.52,1.02,111.00,59.94,19.57
Nebraska,31,148,0.78,14.51,Walk,2010,1830429,25432,13.23,1.02,125.27,97.71,30.29
Nevada,32,194,0.92,18.59,Walk,2010,2704642,21115,21.10,1.02,165.87,152.60,51.39
New Hampshire,33,176,0.73,15.62,Walk,2010,1316759,18809,25.17,0.99,171.07,124.88,44.54
New Jersey,34,1292,0.55,11.36,Walk,2010,8801624,118235,25.74,1.01,1121.94,617.07,212.42
New Mexico,35,183,0.8,14.89,Walk,2010,2065932,18920,23.89,1.03,169.93,135.94,42.17
New York,36,5344,0.76,14.82,Walk,2010,19392283,542579,25.49,0.99,4997.59,3798.17,1234.40
North Carolina,37,755,0.67,13.74,Walk,2010,9561558,74542,25.02,1.02,694.35,465.21,159.01
North Dakota,38,81,0.35,6.93,Walk,2010,674499,13789,17.87,1.04,93.54,32.74,10.80
Ohio,39,1302,0.73,19.08,Walk,2010,11536182,114502,30.65,1.00,1280.96,935.10,407.35
Oklahoma,40,337,0.59,12.73,Walk,2010,3761702,28961,30.33,1.02,327.02,192.94,69.38
Oregon,41,804,0.78,15.45,Walk,2010,3838957,65195,33.44,1.00,795.74,620.68,204.90
Pennsylvania,42,1819,0.56,12.95,Walk,2010,12709630,218870,21.89,1.01,1766.23,989.09,381.21
Rhode Island,44,143,0.41,9.27,Walk,2010,1052886,18402,24.80,1.00,166.57,68.29,25.74
South Carolina,45,384,0.68,13.78,Walk,2010,4636312,36916,28.69,1.02,394.31,268.13,90.56
South Dakota,46,102,0.62,9.95,Walk,2010,816463,17697,15.60,1.01,101.77,63.10,16.88
Tennessee,47,386,0.62,13.09,Walk,2010,6356897,33441,27.73,1.01,341.86,211.95,74.58
Texas,48,2334,0.68,14.5,Walk,2010,25257114,185610,33.17,1.02,2292.13,1558.65,553.93
Utah,49,470,0.49,11.73,Walk,2010,2776469,35286,34.82,1.00,448.46,219.75,87.67
Vermont,50,87,0.78,16.02,Walk,2010,625960,17349,13.85,1.01,88.58,69.09,23.65
Virginia,51,986,0.71,14.99,Walk,2010,8024617,103982,31.48,1.02,1218.67,865.26,304.46
Washington,53,984,0.68,14.81,Walk,2010,6744496,105947,25.93,1.01,1012.76,688.68,249.98
West Virginia,54,178,0.57,22.48,Walk,2010,1853973,22536,23.61,1.02,198.09,112.91,74.22
Wisconsin,55,644,0.72,15.17,Walk,2010,5691047,86733,18.60,1.01,594.72,428.20,150.37
Wyoming,56,56,0.7,13.22,Walk,2010,564460,12154,16.41,1.04,75.71,53.00,16.68
Puerto Rico,72,0,0,0,Walk,2010,3722133,39070,0.00,0.94,0.00,0.00,0.00
Alabama,01,154,0.37,14.49,Bike,2011,4802740,2886,176.39,1.02,189.52,70.12,45.77
Alaska,02,10,1.27,12.97,Bike,2011,722718,3558,10.19,1.03,13.63,17.31,2.95
Arizona,04,97,1.71,12.94,Bike,2011,6482505,29186,10.22,0.98,106.70,182.46,23.01
Arkansas,05,2,0.67,11.58,Bike,2011,2937979,2143,3.61,1.02,2.88,1.93,0.56
California,06,660,2.89,22.31,Bike,2011,37691912,176659,11.41,1.02,750.44,2168.77,279.04
Colorado,08,159,3.6,21.91,Bike,2011,5116796,33549,12.63,1.02,157.75,567.90,57.61
Connecticut,09,33,1.29,7.14,Bike,2011,3580709,5079,17.83,1.02,33.71,43.49,4.01
Delaware,10,3,0.54,18.51,Bike,2011,907135,922,6.55,1.02,2.25,1.22,0.69
District of Columbia,11,11,1.6,21.41,Bike,2011,617996,9669,4.78,1.03,17.38,27.81,6.20
Florida,12,283,1.93,17.8,Bike,2011,19057542,46365,15.00,1.03,261.46,504.62,77.57
Georgia,13,94,1.51,17.05,Bike,2011,9815210,11651,25.35,1.00,107.80,162.78,30.63
Hawaii,15,17,6.63,43.83,Bike,2011,1374810,5207,5.73,1.06,11.54,76.51,8.43
Idaho,16,20,3.87,29.27,Bike,2011,1584985,6000,7.00,1.03,15.79,61.11,7.70
Illinois,17,297,2.25,17.43,Bike,2011,12869259,34807,24.33,1.00,309.10,695.48,89.79
Indiana,18,91,1.44,18.8,Bike,2011,6516922,14710,20.66,1.01,112.04,161.34,35.11
Iowa,19,62,1.99,22.71,Bike,2011,3062309,7123,29.30,1.02,77.70,154.62,29.41
Kansas,20,19,2.14,13.27,Bike,2011,2871238,5380,9.70,1.02,19.43,41.58,4.30
Kentucky,21,50,0.64,17.96,Bike,2011,4369356,4781,33.18,1.01,58.48,37.43,17.51
Louisiana,22,36,4.46,20.11,Bike,2011,4574836,9760,12.24,1.02,44.48,198.38,14.91
Maine,23,6,4.16,29.03,Bike,2011,1328188,2171,5.13,1.01,4.11,17.10,1.99
Maryland,24,90,4.88,23.37,Bike,2011,5828289,7434,23.90,1.02,66.15,322.81,25.77
Massachusetts,25,26,4.08,35.58,Bike,2011,6587536,22236,2.65,1.00,21.51,87.76,12.76
Michigan,26,177,1.29,19.28,Bike,2011,9876187,18801,24.63,0.99,167.33,215.86,53.77
Minnesota,27,115,2.33,17.01,Bike,2011,5344861,19064,16.61,1.01,116.73,271.98,33.09
Mississippi,28,20,0.63,5.57,Bike,2011,2978512,1112,55.07,1.01,22.58,14.23,2.10
Missouri,29,45,2.29,23.64,Bike,2011,6010688,4905,17.78,1.00,31.83,72.89,12.54
Montana,30,12,2.12,25.17,Bike,2011,998199,6339,4.14,1.02,9.77,20.71,4.10
Nebraska,31,32,2.48,14.89,Bike,2011,1842641,4274,21.25,1.03,34.14,84.67,8.47
Nevada,32,25,1.32,16.25,Bike,2011,2723322,4527,14.24,1.03,24.24,32.00,6.57
New Hampshire,33,12,7.65,48.49,Bike,2011,1318194,1203,12.61,1.00,5.54,42.38,4.48
New Jersey,34,58,3.42,26.59,Bike,2011,8821155,12397,12.00,1.01,54.84,187.55,24.30
New Mexico,35,7,0.99,13.05,Bike,2011,2082224,6854,3.27,1.04,8.51,8.42,1.85
New York,36,165,1.93,20.81,Bike,2011,19465197,44418,11.54,1.00,187.09,361.08,64.89
North Carolina,37,99,2.28,16.54,Bike,2011,9656401,9276,25.19,1.03,87.85,200.30,24.22
North Dakota,38,4,1.19,12.77,Bike,2011,683932,2401,8.10,1.06,7.52,8.95,1.60
Ohio,39,123,1.77,17.87,Bike,2011,11544951,15175,24.45,1.00,135.43,239.71,40.34
Oklahoma,40,74,1.76,14.26,Bike,2011,3791508,4424,51.15,1.03,85.07,149.72,20.22
Oregon,41,130,2.98,20.88,Bike,2011,3871859,37939,8.92,1.01,124.76,371.78,43.42
Pennsylvania,42,92,2.62,16.57,Bike,2011,12742886,23538,8.60,1.01,74.62,195.50,20.61
Rhode Island,44,10,1.12,18.16,Bike,2011,1051302,996,13.85,1.00,5.04,5.64,1.53
South Carolina,45,51,1.34,19.98,Bike,2011,4679230,6105,24.01,1.03,55.11,73.85,18.35
South Dakota,46,26,1.04,11.3,Bike,2011,824082,2777,30.27,1.01,30.99,32.23,5.84
Tennessee,47,31,1.26,15.75,Bike,2011,6403353,3663,28.27,1.02,38.55,48.57,10.12
Texas,48,250,1.76,20,Bike,2011,25674681,32419,26.13,1.04,321.56,565.95,107.19
Utah,49,57,1.46,13.85,Bike,2011,2817222,9652,14.75,1.01,52.48,76.62,12.11
Vermont,50,10,3.4,21.62,Bike,2011,626431,2570,10.74,1.01,10.18,34.61,3.67
Virginia,51,71,3.2,22.95,Bike,2011,8096604,13426,15.47,1.03,78.08,249.86,29.87
Washington,53,71,2.4,21.42,Bike,2011,6830038,25639,6.85,1.02,65.39,156.94,23.34
West Virginia,54,17,1.03,20.77,Bike,2011,1855364,586,38.56,1.02,8.41,8.66,2.91
Wisconsin,55,74,2.21,17.3,Bike,2011,5711767,19077,10.13,1.01,71.24,157.44,20.54
Wyoming,56,3,1.29,7.1,Bike,2011,568158,2752,3.56,1.04,3.72,4.80,0.44
Puerto Rico,72,0,0,0,Bike,2011,3706690,2378,0.00,0.93,0.00,0.00,0.00
Alabama,01,234,0.92,12.67,Walk,2011,4802740,21156,24.84,1.02,195.65,180.00,41.31
Alaska,02,100,0.72,14.19,Walk,2011,722718,26407,10.24,1.03,101.66,73.20,24.04
Arizona,04,745,0.72,17.92,Walk,2011,6482505,58221,31.10,0.98,647.68,466.33,193.44
Arkansas,05,203,0.55,14.78,Walk,2011,2937979,22777,24.32,1.02,206.23,113.43,50.80
California,06,6273,0.72,16.11,Walk,2011,37691912,445440,38.41,1.02,6369.81,4586.26,1710.29
Colorado,08,671,0.75,13.23,Walk,2011,5116796,72487,25.03,1.02,675.48,506.61,148.94
Connecticut,09,568,0.76,25.81,Walk,2011,3580709,51370,30.91,1.02,591.16,449.28,254.30
Delaware,10,93,0.6,13.08,Walk,2011,907135,8758,26.23,1.02,85.53,51.32,18.65
District of Columbia,11,196,0.57,13.36,Walk,2011,617996,36200,16.61,1.03,226.05,128.85,50.33
Florida,12,2100,0.66,14.28,Walk,2011,19057542,121801,48.70,1.03,2230.03,1471.82,530.75
Georgia,13,886,0.71,15.19,Walk,2011,9815210,68417,34.19,1.00,853.80,606.20,216.15
Hawaii,15,210,0.92,17.04,Walk,2011,1374810,31906,19.83,1.06,244.79,225.21,69.52
Idaho,16,229,0.62,14.17,Walk,2011,1584985,23284,35.71,1.03,312.59,193.81,73.82
Illinois,17,2287,0.57,12.49,Walk,2011,12869259,182021,32.99,1.00,2191.78,1249.31,456.26
Indiana,18,562,0.59,12.91,Walk,2011,6516922,59297,24.46,1.01,534.69,315.47,115.05
Iowa,19,271,0.67,13.79,Walk,2011,3062309,53020,12.09,1.02,238.65,159.90,54.85
Kansas,20,244,0.8,15.25,Walk,2011,2871238,32181,17.25,1.02,206.67,165.34,52.53
Kentucky,21,383,0.68,12.72,Walk,2011,4369356,38405,23.89,1.01,338.23,230.00,71.70
Louisiana,22,400,0.89,13.84,Walk,2011,4574836,41820,27.83,1.02,433.30,385.64,99.95
Maine,23,143,0.61,14.32,Walk,2011,1328188,23663,14.83,1.01,129.37,78.92,30.88
Maryland,24,863,0.54,11.77,Walk,2011,5828289,65220,31.76,1.02,771.18,416.44,151.28
Massachusetts,25,1228,0.97,16.54,Walk,2011,6587536,148790,22.25,1.00,1208.36,1172.11,333.10
Michigan,26,1163,0.79,15.91,Walk,2011,9876187,89744,32.41,0.99,1051.02,830.31,278.70
Minnesota,27,893,0.69,17.65,Walk,2011,5344861,73367,31.75,1.01,858.73,592.52,252.61
Mississippi,28,294,0.7,11.91,Walk,2011,2978512,19646,40.92,1.01,296.36,207.45,58.83
Missouri,29,418,0.83,15.67,Walk,2011,6010688,55127,21.16,1.00,425.77,353.39,111.20
Montana,30,113,0.54,10.58,Walk,2011,998199,22377,12.52,1.02,104.30,56.32,18.39
Nebraska,31,148,0.78,14.51,Walk,2011,1842641,25907,13.23,1.03,128.86,100.51,31.16
Nevada,32,194,0.92,18.59,Walk,2011,2723322,24503,21.10,1.03,194.37,178.82,60.22
New Hampshire,33,176,0.73,15.62,Walk,2011,1318194,18854,25.17,1.00,173.21,126.44,45.09
New Jersey,34,1292,0.55,11.36,Walk,2011,8821155,126204,25.74,1.01,1197.56,658.66,226.74
New Mexico,35,183,0.8,14.89,Walk,2011,2082224,21081,23.89,1.04,191.18,152.94,47.44
New York,36,5344,0.76,14.82,Walk,2011,19465197,575553,25.49,1.00,5354.86,4069.69,1322.65
North Carolina,37,755,0.67,13.74,Walk,2011,9656401,71929,25.02,1.03,676.58,453.31,154.94
North Dakota,38,81,0.35,6.93,Walk,2011,683932,14477,17.87,1.06,100.09,35.03,11.56
Ohio,39,1302,0.73,19.08,Walk,2011,11544951,117776,30.65,1.00,1317.59,961.84,418.99
Oklahoma,40,337,0.59,12.73,Walk,2011,3791508,30992,30.33,1.03,353.39,208.50,74.98
Oregon,41,804,0.78,15.45,Walk,2011,3871859,64600,33.44,1.01,796.37,621.17,205.07
Pennsylvania,42,1819,0.56,12.95,Walk,2011,12742886,223525,21.89,1.01,1803.79,1010.12,389.32
Rhode Island,44,143,0.41,9.27,Walk,2011,1051302,16084,24.80,1.00,145.59,59.69,22.49
South Carolina,45,384,0.68,13.78,Walk,2011,4679230,45156,28.69,1.03,487.05,331.19,111.86
South Dakota,46,102,0.62,9.95,Walk,2011,824082,17498,15.60,1.01,100.63,62.39,16.69
Tennessee,47,386,0.62,13.09,Walk,2011,6403353,38271,27.73,1.02,395.11,244.97,86.20
Texas,48,2334,0.68,14.5,Walk,2011,25674681,191128,33.17,1.04,2406.56,1636.46,581.59
Utah,49,470,0.49,11.73,Walk,2011,2817222,29964,34.82,1.01,384.63,188.47,75.20
Vermont,50,87,0.78,16.02,Walk,2011,626431,19991,13.85,1.01,102.07,79.61,27.25
Virginia,51,986,0.71,14.99,Walk,2011,8096604,90716,31.48,1.03,1073.62,762.27,268.23
Washington,53,984,0.68,14.81,Walk,2011,6830038,106793,25.93,1.02,1030.95,701.05,254.47
West Virginia,54,178,0.57,22.48,Walk,2011,1855364,20060,23.61,1.02,176.33,100.51,66.06
Wisconsin,55,644,0.72,15.17,Walk,2011,5711767,94268,18.60,1.01,646.39,465.40,163.43
Wyoming,56,56,0.7,13.22,Walk,2011,568158,9737,16.41,1.04,60.65,42.46,13.36
Puerto Rico,72,0,0,0,Walk,2011,3706690,40128,0.00,0.93,0.00,0.00,0.00
Alabama,01,154,0.37,14.49,Bike,2012,4822023,2213,176.39,1.02,145.33,53.77,35.10
Alaska,02,10,1.27,12.97,Bike,2012,731449,3944,10.19,1.05,15.40,19.56,3.33
Arizona,04,97,1.71,12.94,Bike,2012,6553255,24618,10.22,0.99,90.91,155.46,19.61
Arkansas,05,2,0.67,11.58,Bike,2012,2949131,964,3.61,1.02,1.30,0.87,0.25
California,06,660,2.89,22.31,Bike,2012,38041430,184125,11.41,1.03,789.82,2282.58,293.68
Colorado,08,159,3.6,21.91,Bike,2012,5187582,38324,12.63,1.03,181.97,655.09,66.45
Connecticut,09,33,1.29,7.14,Bike,2012,3590347,5757,17.83,1.02,38.22,49.30,4.55
Delaware,10,3,0.54,18.51,Bike,2012,917092,1363,6.55,1.04,3.39,1.83,1.05
District of Columbia,11,11,1.6,21.41,Bike,2012,632323,13493,4.78,1.05,24.72,39.55,8.82
Florida,12,283,1.93,17.8,Bike,2012,19317568,56888,15.00,1.04,323.92,625.17,96.10
Georgia,13,94,1.51,17.05,Bike,2012,9919945,8276,25.35,1.01,77.34,116.78,21.98
Hawaii,15,17,6.63,43.83,Bike,2012,1392313,7897,5.73,1.07,17.67,117.15,12.91
Idaho,16,20,3.87,29.27,Bike,2012,1595728,7179,7.00,1.03,18.89,73.10,9.22
Illinois,17,297,2.25,17.43,Bike,2012,12875255,41098,24.33,1.00,364.97,821.18,106.02
Indiana,18,91,1.44,18.8,Bike,2012,6537334,16021,20.66,1.02,123.23,177.45,38.61
Iowa,19,62,1.99,22.71,Bike,2012,3074186,7803,29.30,1.02,85.12,169.39,32.22
Kansas,20,19,2.14,13.27,Bike,2012,2885905,3839,9.70,1.02,13.86,29.66,3.07
Kentucky,21,50,0.64,17.96,Bike,2012,4380415,4260,33.18,1.02,52.62,33.68,15.75
Louisiana,22,36,4.46,20.11,Bike,2012,4601893,8506,12.24,1.02,38.76,172.87,12.99
Maine,23,6,4.16,29.03,Bike,2012,1329192,2774,5.13,1.01,5.25,21.84,2.54
Maryland,24,90,4.88,23.37,Bike,2012,5884563,10853,23.90,1.03,97.52,475.90,37.98
Massachusetts,25,26,4.08,35.58,Bike,2012,6646144,26339,2.65,1.01,25.73,104.98,15.26
Michigan,26,177,1.29,19.28,Bike,2012,9883360,21289,24.63,0.99,189.47,244.42,60.88
Minnesota,27,115,2.33,17.01,Bike,2012,5379139,22273,16.61,1.02,137.73,320.91,39.05
Mississippi,28,20,0.63,5.57,Bike,2012,2984926,1519,55.07,1.01,30.84,19.43,2.86
Missouri,29,45,2.29,23.64,Bike,2012,6021988,7163,17.78,1.01,46.95,107.52,18.50
Montana,30,12,2.12,25.17,Bike,2012,1005141,7538,4.14,1.03,11.73,24.87,4.92
Nebraska,31,32,2.48,14.89,Bike,2012,1855525,6200,21.25,1.03,49.53,122.83,12.29
Nevada,32,25,1.32,16.25,Bike,2012,2758931,4973,14.24,1.04,26.88,35.48,7.28
New Hampshire,33,12,7.65,48.49,Bike,2012,1320718,1850,12.61,1.00,8.51,65.10,6.88
New Jersey,34,58,3.42,26.59,Bike,2012,8864590,16181,12.00,1.02,72.29,247.23,32.04
New Mexico,35,7,0.99,13.05,Bike,2012,2085538,4516,3.27,1.04,5.61,5.55,1.22
New York,36,165,1.93,20.81,Bike,2012,19570261,53119,11.54,1.00,223.74,431.82,77.60
North Carolina,37,99,2.28,16.54,Bike,2012,9752073,12152,25.19,1.04,116.20,264.94,32.03
North Dakota,38,4,1.19,12.77,Bike,2012,699628,1342,8.10,1.08,4.29,5.11,0.91
Ohio,39,123,1.77,17.87,Bike,2012,11544225,15813,24.45,1.00,141.12,249.78,42.03
Oklahoma,40,74,1.76,14.26,Bike,2012,3814820,3829,51.15,1.03,73.63,129.59,17.50
Oregon,41,130,2.98,20.88,Bike,2012,3899353,41960,8.92,1.02,139.35,415.26,48.49
Pennsylvania,42,92,2.62,16.57,Bike,2012,12763536,28114,8.60,1.01,89.13,233.52,24.61
Rhode Island,44,10,1.12,18.16,Bike,2012,1050292,2182,13.85,1.00,11.03,12.35,3.34
South Carolina,45,51,1.34,19.98,Bike,2012,4723723,7470,24.01,1.04,68.08,91.23,22.67
South Dakota,46,26,1.04,11.3,Bike,2012,833354,3456,30.27,1.03,39.33,40.90,7.41
Tennessee,47,31,1.26,15.75,Bike,2012,6456243,4146,28.27,1.03,44.06,55.52,11.57
Texas,48,250,1.76,20,Bike,2012,26059203,31926,26.13,1.05,319.72,562.71,106.57
Utah,49,57,1.46,13.85,Bike,2012,2855287,12774,14.75,1.03,70.84,103.43,16.35
Vermont,50,10,3.4,21.62,Bike,2012,626011,3121,10.74,1.01,12.36,42.02,4.45
Virginia,51,71,3.2,22.95,Bike,2012,8185867,15268,15.47,1.04,89.66,286.91,34.29
Washington,53,71,2.4,21.42,Bike,2012,6897012,29693,6.85,1.03,76.47,183.53,27.30
West Virginia,54,17,1.03,20.77,Bike,2012,1855413,652,38.56,1.02,9.36,9.64,3.24
Wisconsin,55,74,2.21,17.3,Bike,2012,5726398,24456,10.13,1.01,91.33,201.84,26.33
Wyoming,56,3,1.29,7.1,Bike,2012,576412,3374,3.56,1.06,4.65,6.00,0.55
Puerto Rico,72,0,0,0,Bike,2012,3667084,1762,0.00,0.92,0.00,0.00,0.00
Alabama,01,234,0.92,12.67,Walk,2012,4822023,23578,24.84,1.02,218.05,200.61,46.04
Alaska,02,100,0.72,14.19,Walk,2012,731449,26338,10.24,1.05,103.36,74.42,24.44
Arizona,04,745,0.72,17.92,Walk,2012,6553255,54884,31.10,0.99,616.79,444.09,184.21
Arkansas,05,203,0.55,14.78,Walk,2012,2949131,20051,24.32,1.02,181.55,99.85,44.72
California,06,6273,0.72,16.11,Walk,2012,38041430,441486,38.41,1.03,6375.16,4590.12,1711.73
Colorado,08,671,0.75,13.23,Walk,2012,5187582,85695,25.03,1.03,806.39,604.79,177.81
Connecticut,09,568,0.76,25.81,Walk,2012,3590347,51475,30.91,1.02,592.36,450.19,254.81
Delaware,10,93,0.6,13.08,Walk,2012,917092,9550,26.23,1.04,95.09,57.05,20.73
District of Columbia,11,196,0.57,13.36,Walk,2012,632323,38795,16.61,1.05,246.96,140.77,54.99
Florida,12,2100,0.66,14.28,Walk,2012,19317568,127838,48.70,1.04,2363.28,1559.76,562.46
Georgia,13,886,0.71,15.19,Walk,2012,9919945,71148,34.19,1.01,896.76,636.70,227.03
Hawaii,15,210,0.92,17.04,Walk,2012,1392313,31804,19.83,1.07,246.31,226.61,69.95
Idaho,16,229,0.62,14.17,Walk,2012,1595728,20109,35.71,1.03,269.97,167.38,63.76
Illinois,17,2287,0.57,12.49,Walk,2012,12875255,186595,32.99,1.00,2246.86,1280.71,467.72
Indiana,18,562,0.59,12.91,Walk,2012,6537334,64333,24.46,1.02,585.85,345.65,126.06
Iowa,19,271,0.67,13.79,Walk,2012,3074186,55697,12.09,1.02,250.70,167.97,57.62
Kansas,20,244,0.8,15.25,Walk,2012,2885905,30985,17.25,1.02,198.99,159.19,50.58
Kentucky,21,383,0.68,12.72,Walk,2012,4380415,42463,23.89,1.02,377.68,256.82,80.07
Louisiana,22,400,0.89,13.84,Walk,2012,4601893,36437,27.83,1.02,377.53,336.00,87.08
Maine,23,143,0.61,14.32,Walk,2012,1329192,27462,14.83,1.01,150.14,91.59,35.83
Maryland,24,863,0.54,11.77,Walk,2012,5884563,71970,31.76,1.03,859.33,464.04,168.57
Massachusetts,25,1228,0.97,16.54,Walk,2012,6646144,161358,22.25,1.01,1323.53,1283.82,364.85
Michigan,26,1163,0.79,15.91,Walk,2012,9883360,91536,32.41,0.99,1072.01,846.89,284.26
Minnesota,27,893,0.69,17.65,Walk,2012,5379139,76853,31.75,1.02,908.44,626.82,267.23
Mississippi,28,294,0.7,11.91,Walk,2012,2984926,20079,40.92,1.01,302.89,212.02,60.12
Missouri,29,418,0.83,15.67,Walk,2012,6021988,52783,21.16,1.01,411.74,341.74,107.53
Montana,30,113,0.54,10.58,Walk,2012,1005141,22947,12.52,1.03,108.01,58.33,19.05
Nebraska,31,148,0.78,14.51,Walk,2012,1855525,26578,13.23,1.03,132.19,103.11,31.97
Nevada,32,194,0.92,18.59,Walk,2012,2758931,27904,21.10,1.04,223.50,205.62,69.25
New Hampshire,33,176,0.73,15.62,Walk,2012,1320718,21007,25.17,1.00,192.99,140.88,50.24
New Jersey,34,1292,0.55,11.36,Walk,2012,8864590,125193,25.74,1.02,1199.72,659.85,227.15
New Mexico,35,183,0.8,14.89,Walk,2012,2085538,19615,23.89,1.04,177.88,142.30,44.14
New York,36,5344,0.76,14.82,Walk,2012,19570261,568540,25.49,1.00,5289.61,4020.10,1306.53
North Carolina,37,755,0.67,13.74,Walk,2012,9752073,82256,25.02,1.04,781.23,523.42,178.90
North Dakota,38,81,0.35,6.93,Walk,2012,699628,14373,17.87,1.08,101.25,35.44,11.69
Ohio,39,1302,0.73,19.08,Walk,2012,11544225,123591,30.65,1.00,1382.64,1009.33,439.68
Oklahoma,40,337,0.59,12.73,Walk,2012,3814820,34486,30.33,1.03,393.23,232.01,83.43
Oregon,41,804,0.78,15.45,Walk,2012,3899353,77731,33.44,1.02,967.73,754.83,249.19
Pennsylvania,42,1819,0.56,12.95,Walk,2012,12763536,223141,21.89,1.01,1800.69,1008.39,388.65
Rhode Island,44,143,0.41,9.27,Walk,2012,1050292,18339,24.80,1.00,166.00,68.06,25.65
South Carolina,45,384,0.68,13.78,Walk,2012,4723723,43028,28.69,1.04,468.61,318.65,107.62
South Dakota,46,102,0.62,9.95,Walk,2012,833354,16612,15.60,1.03,97.43,60.41,16.16
Tennessee,47,386,0.62,13.09,Walk,2012,6456243,36184,27.73,1.03,377.22,233.88,82.30
Texas,48,2334,0.68,14.5,Walk,2012,26059203,187514,33.17,1.05,2383.75,1620.95,576.07
Utah,49,470,0.49,11.73,Walk,2012,2855287,33288,34.82,1.03,435.76,213.52,85.19
Vermont,50,87,0.78,16.02,Walk,2012,626011,19430,13.85,1.01,99.21,77.38,26.49
Virginia,51,986,0.71,14.99,Walk,2012,8185867,87938,31.48,1.04,1050.84,746.10,262.53
Washington,53,984,0.68,14.81,Walk,2012,6897012,113798,25.93,1.03,1109.35,754.36,273.82
West Virginia,54,178,0.57,22.48,Walk,2012,1855413,23331,23.61,1.02,205.08,116.90,76.84
Wisconsin,55,644,0.72,15.17,Walk,2012,5726398,91652,18.60,1.01,628.45,452.48,158.89
Wyoming,56,56,0.7,13.22,Walk,2012,576412,9280,16.41,1.06,58.92,41.24,12.98
Puerto Rico,72,0,0,0,Walk,2012,3667084,32842,0.00,0.92,0.00,0.00,0.00
Alabama,01,154,0.37,14.49,Bike,2013,4833722,1942,176.39,1.03,128.78,47.65,31.10
Alaska,02,10,1.27,12.97,Bike,2013,735132,3562,10.19,1.05,13.91,17.67,3.01
Arizona,04,97,1.71,12.94,Bike,2013,6626624,26773,10.22,1.00,99.87,170.78,21.54
Arkansas,05,2,0.67,11.58,Bike,2013,2959373,2560,3.61,1.02,3.44,2.30,0.66
California,06,660,2.89,22.31,Bike,2013,38332521,189725,11.41,1.04,821.74,2374.83,305.55
Colorado,08,159,3.6,21.91,Bike,2013,5268367,33664,12.63,1.05,162.95,586.62,59.50
Connecticut,09,33,1.29,7.14,Bike,2013,3596080,5171,17.83,1.02,34.33,44.29,4.09
Delaware,10,3,0.54,18.51,Bike,2013,925749,1712,6.55,1.05,4.30,2.32,1.33
District of Columbia,11,11,1.6,21.41,Bike,2013,646449,14986,4.78,1.08,28.24,45.18,10.08
Florida,12,283,1.93,17.8,Bike,2013,19552860,58231,15.00,1.05,334.76,646.09,99.31
Georgia,13,94,1.51,17.05,Bike,2013,9992167,9789,25.35,1.02,92.39,139.51,26.25
Hawaii,15,17,6.63,43.83,Bike,2013,1404054,9078,5.73,1.08,20.51,135.98,14.98
Idaho,16,20,3.87,29.27,Bike,2013,1612136,6756,7.00,1.04,17.95,69.47,8.76
Illinois,17,297,2.25,17.43,Bike,2013,12882135,32975,24.33,1.00,292.83,658.87,85.07
Indiana,18,91,1.44,18.8,Bike,2013,6570902,14374,20.66,1.02,110.56,159.21,34.64
Iowa,19,62,1.99,22.71,Bike,2013,3090416,8552,29.30,1.03,94.20,187.46,35.65
Kansas,20,19,2.14,13.27,Bike,2013,2893957,5319,9.70,1.03,19.40,41.52,4.29
Kentucky,21,50,0.64,17.96,Bike,2013,4395295,4383,33.18,1.02,54.14,34.65,16.21
Louisiana,22,36,4.46,20.11,Bike,2013,4625470,11604,12.24,1.03,53.40,238.16,17.90
Maine,23,6,4.16,29.03,Bike,2013,1328302,2858,5.13,1.01,5.40,22.46,2.61
Maryland,24,90,4.88,23.37,Bike,2013,5928814,9093,23.90,1.04,82.50,402.60,32.13
Massachusetts,25,26,4.08,35.58,Bike,2013,6692824,26549,2.65,1.02,26.19,106.86,15.53
Michigan,26,177,1.29,19.28,Bike,2013,9895622,19812,24.63,0.99,176.33,227.47,56.66
Minnesota,27,115,2.33,17.01,Bike,2013,5420380,21893,16.61,1.03,136.71,318.53,38.76
Mississippi,28,20,0.63,5.57,Bike,2013,2991207,1592,55.07,1.01,32.32,20.36,3.00
Missouri,29,45,2.29,23.64,Bike,2013,6044171,8963,17.78,1.01,58.75,134.54,23.15
Montana,30,12,2.12,25.17,Bike,2013,1015165,7215,4.14,1.04,11.34,24.04,4.76
Nebraska,31,32,2.48,14.89,Bike,2013,1868516,4443,21.25,1.04,35.84,88.88,8.89
Nevada,32,25,1.32,16.25,Bike,2013,2790136,5227,14.24,1.06,28.80,38.02,7.80
New Hampshire,33,12,7.65,48.49,Bike,2013,1323459,1478,12.61,1.00,6.80,52.02,5.50
New Jersey,34,58,3.42,26.59,Bike,2013,8899339,15708,12.00,1.02,70.18,240.02,31.10
New Mexico,35,7,0.99,13.05,Bike,2013,2085287,8210,3.27,1.04,10.19,10.09,2.22
New York,36,165,1.93,20.81,Bike,2013,19651127,62021,11.54,1.01,263.85,509.23,91.51
North Carolina,37,99,2.28,16.54,Bike,2013,9848060,9293,25.19,1.05,89.72,204.56,24.73
North Dakota,38,4,1.19,12.77,Bike,2013,723393,1980,8.10,1.12,6.56,7.81,1.40
Ohio,39,123,1.77,17.87,Bike,2013,11570808,17335,24.45,1.00,154.70,273.82,46.07
Oklahoma,40,74,1.76,14.26,Bike,2013,3850568,4672,51.15,1.04,90.71,159.65,21.56
Oregon,41,130,2.98,20.88,Bike,2013,3930065,42597,8.92,1.03,142.85,425.69,49.71
Pennsylvania,42,92,2.62,16.57,Bike,2013,12773801,31262,8.60,1.01,99.11,259.67,27.37
Rhode Island,44,10,1.12,18.16,Bike,2013,1051511,2655,13.85,1.00,13.42,15.03,4.06
South Carolina,45,51,1.34,19.98,Bike,2013,4774839,6661,24.01,1.05,61.29,82.13,20.41
South Dakota,46,26,1.04,11.3,Bike,2013,844877,1553,30.27,1.04,17.84,18.55,3.36
Tennessee,47,31,1.26,15.75,Bike,2013,6495978,5156,28.27,1.03,54.80,69.05,14.39
Texas,48,250,1.76,20,Bike,2013,26448193,37269,26.13,1.07,380.33,669.38,126.78
Utah,49,57,1.46,13.85,Bike,2013,2900872,10769,14.75,1.04,60.30,88.04,13.92
Vermont,50,10,3.4,21.62,Bike,2013,626630,2852,10.74,1.01,11.29,38.39,4.07
Virginia,51,71,3.2,22.95,Bike,2013,8260405,18818,15.47,1.05,111.57,357.02,42.68
Washington,53,71,2.4,21.42,Bike,2013,6971406,26793,6.85,1.05,70.34,168.82,25.11
West Virginia,54,17,1.03,20.77,Bike,2013,1854304,559,38.56,1.02,8.02,8.26,2.78
Wisconsin,55,74,2.21,17.3,Bike,2013,5742713,23478,10.13,1.02,88.54,195.67,25.53
Wyoming,56,3,1.29,7.1,Bike,2013,582658,2278,3.56,1.07,3.17,4.09,0.38
Puerto Rico,72,0,0,0,Bike,2013,3615086,2427,0.00,0.91,0.00,0.00,0.00
Alabama,01,234,0.92,12.67,Walk,2013,4833722,20806,24.84,1.03,194.30,178.76,41.03
Alaska,02,100,0.72,14.19,Walk,2013,735132,31566,10.24,1.05,123.88,89.19,29.30
Arizona,04,745,0.72,17.92,Walk,2013,6626624,56982,31.10,1.00,646.83,465.72,193.19
Arkansas,05,203,0.55,14.78,Walk,2013,2959373,20212,24.32,1.02,183.01,100.66,45.08
California,06,6273,0.72,16.11,Walk,2013,38332521,457693,38.41,1.04,6673.36,4804.82,1791.80
Colorado,08,671,0.75,13.23,Walk,2013,5268367,75639,25.03,1.05,725.59,544.19,159.99
Connecticut,09,568,0.76,25.81,Walk,2013,3596080,54686,30.91,1.02,629.32,478.28,270.71
Delaware,10,93,0.6,13.08,Walk,2013,925749,9098,26.23,1.05,91.46,54.88,19.94
District of Columbia,11,196,0.57,13.36,Walk,2013,646449,45003,16.61,1.08,294.66,167.96,65.61
Florida,12,2100,0.66,14.28,Walk,2013,19552860,127509,48.70,1.05,2379.86,1570.71,566.41
Georgia,13,886,0.71,15.19,Walk,2013,9992167,64483,34.19,1.02,820.80,582.77,207.80
Hawaii,15,210,0.92,17.04,Walk,2013,1404054,28327,19.83,1.08,221.43,203.72,62.89
Idaho,16,229,0.62,14.17,Walk,2013,1612136,21482,35.71,1.04,291.20,180.54,68.77
Illinois,17,2287,0.57,12.49,Walk,2013,12882135,187588,32.99,1.00,2258.81,1287.52,470.21
Indiana,18,562,0.59,12.91,Walk,2013,6570902,59191,24.46,1.02,539.02,318.02,115.98
Iowa,19,271,0.67,13.79,Walk,2013,3090416,57528,12.09,1.03,261.48,175.19,60.10
Kansas,20,244,0.8,15.25,Walk,2013,2893957,34400,17.25,1.03,223.09,178.47,56.70
Kentucky,21,383,0.68,12.72,Walk,2013,4395295,42149,23.89,1.02,374.88,254.92,79.47
Louisiana,22,400,0.89,13.84,Walk,2013,4625470,33986,27.83,1.03,355.58,316.47,82.02
Maine,23,143,0.61,14.32,Walk,2013,1328302,24616,14.83,1.01,134.58,82.09,32.12
Maryland,24,863,0.54,11.77,Walk,2013,5928814,69897,31.76,1.04,842.68,455.05,165.31
Massachusetts,25,1228,0.97,16.54,Walk,2013,6692824,158506,22.25,1.02,1313.01,1273.62,361.95
Michigan,26,1163,0.79,15.91,Walk,2013,9895622,92316,32.41,0.99,1081.15,854.11,286.68
Minnesota,27,893,0.69,17.65,Walk,2013,5420380,81150,31.75,1.03,968.64,668.36,284.94
Mississippi,28,294,0.7,11.91,Walk,2013,2991207,18071,40.92,1.01,272.60,190.82,54.11
Missouri,29,418,0.83,15.67,Walk,2013,6044171,55310,21.16,1.01,431.45,358.10,112.68
Montana,30,113,0.54,10.58,Walk,2013,1015165,25078,12.52,1.04,119.19,64.36,21.02
Nebraska,31,148,0.78,14.51,Walk,2013,1868516,26175,13.23,1.04,131.45,102.53,31.79
Nevada,32,194,0.92,18.59,Walk,2013,2790136,27757,21.10,1.06,226.60,208.47,70.21
New Hampshire,33,176,0.73,15.62,Walk,2013,1323459,21028,25.17,1.00,193.19,141.03,50.29
New Jersey,34,1292,0.55,11.36,Walk,2013,8899339,120053,25.74,1.02,1150.47,632.76,217.82
New Mexico,35,183,0.8,14.89,Walk,2013,2085287,19542,23.89,1.04,177.22,141.78,43.98
New York,36,5344,0.76,14.82,Walk,2013,19651127,574861,25.49,1.01,5401.90,4105.44,1334.27
North Carolina,37,755,0.67,13.74,Walk,2013,9848060,80677,25.02,1.05,773.60,518.31,177.15
North Dakota,38,81,0.35,6.93,Walk,2013,723393,17564,17.87,1.12,128.31,44.91,14.82
Ohio,39,1302,0.73,19.08,Walk,2013,11570808,117442,30.65,1.00,1313.85,959.11,417.80
Oklahoma,40,337,0.59,12.73,Walk,2013,3850568,28664,30.33,1.04,330.02,194.71,70.02
Oregon,41,804,0.78,15.45,Walk,2013,3930065,70272,33.44,1.03,883.44,689.08,227.49
Pennsylvania,42,1819,0.56,12.95,Walk,2013,12773801,228809,21.89,1.01,1846.43,1034.00,398.52
Rhode Island,44,143,0.41,9.27,Walk,2013,1051511,20509,24.80,1.00,185.65,76.12,28.68
South Carolina,45,384,0.68,13.78,Walk,2013,4774839,51361,28.69,1.05,564.74,384.02,129.70
South Dakota,46,102,0.62,9.95,Walk,2013,844877,17790,15.60,1.04,105.35,65.32,17.47
Tennessee,47,386,0.62,13.09,Walk,2013,6495978,38422,27.73,1.03,400.55,248.34,87.39
Texas,48,2334,0.68,14.5,Walk,2013,26448193,191481,33.17,1.07,2480.55,1686.77,599.47
Utah,49,470,0.49,11.73,Walk,2013,2900872,33378,34.82,1.04,441.18,216.18,86.25
Vermont,50,87,0.78,16.02,Walk,2013,626630,16530,13.85,1.01,84.40,65.83,22.53
Virginia,51,986,0.71,14.99,Walk,2013,8260405,99433,31.48,1.05,1199.63,851.74,299.71
Washington,53,984,0.68,14.81,Walk,2013,6971406,111765,25.93,1.05,1110.68,755.26,274.15
West Virginia,54,178,0.57,22.48,Walk,2013,1854304,20464,23.61,1.02,179.88,102.53,67.40
Wisconsin,55,644,0.72,15.17,Walk,2013,5742713,99926,18.60,1.02,691.97,498.22,174.95
Wyoming,56,56,0.7,13.22,Walk,2013,582658,13284,16.41,1.07,85.14,59.60,18.76
Puerto Rico,72,0,0,0,Walk,2013,3615086,33122,0.00,0.91,0.00,0.00,0.00
Alabama,01,154,0.37,14.49,Bike,2014,4849377,3406,176.39,1.03,225.86,83.57,54.55
Alaska,02,10,1.27,12.97,Bike,2014,736732,3281,10.19,1.05,12.81,16.27,2.77
Arizona,04,97,1.71,12.94,Bike,2014,6731484,30757,10.22,1.02,117.03,200.12,25.24
Arkansas,05,2,0.67,11.58,Bike,2014,2966369,2850,3.61,1.03,3.87,2.59,0.75
California,06,660,2.89,22.31,Bike,2014,38802500,199799,11.41,1.05,873.70,2524.99,324.87
Colorado,08,159,3.6,21.91,Bike,2014,5355866,35879,12.63,1.07,176.98,637.13,64.63
Connecticut,09,33,1.29,7.14,Bike,2014,3596677,5742,17.83,1.02,38.12,49.17,4.54
Delaware,10,3,0.54,18.51,Bike,2014,935614,1056,6.55,1.06,2.68,1.45,0.83
District of Columbia,11,11,1.6,21.41,Bike,2014,658893,13330,4.78,1.10,25.58,40.93,9.13
Florida,12,283,1.93,17.8,Bike,2014,19893297,64307,15.00,1.07,376.73,727.09,111.76
Georgia,13,94,1.51,17.05,Bike,2014,10097343,10687,25.35,1.03,101.85,153.79,28.94
Hawaii,15,17,6.63,43.83,Bike,2014,1419561,7570,5.73,1.10,17.42,115.49,12.73
Idaho,16,20,3.87,29.27,Bike,2014,1634464,8221,7.00,1.06,22.26,86.15,10.86
Illinois,17,297,2.25,17.43,Bike,2014,12880580,37220,24.33,1.00,330.53,743.69,96.02
Indiana,18,91,1.44,18.8,Bike,2014,6596855,13542,20.66,1.03,105.18,151.46,32.96
Iowa,19,62,1.99,22.71,Bike,2014,3107126,7651,29.30,1.03,84.28,167.72,31.90
Kansas,20,19,2.14,13.27,Bike,2014,2904021,4640,9.70,1.03,16.92,36.21,3.74
Kentucky,21,50,0.64,17.96,Bike,2014,4413457,4907,33.18,1.02,60.62,38.80,18.15
Louisiana,22,36,4.46,20.11,Bike,2014,4649676,9775,12.24,1.04,45.42,202.57,15.22
Maine,23,6,4.16,29.03,Bike,2014,1330089,3163,5.13,1.01,5.98,24.88,2.89
Maryland,24,90,4.88,23.37,Bike,2014,5976407,10349,23.90,1.05,94.79,462.58,36.92
Massachusetts,25,26,4.08,35.58,Bike,2014,6745408,27666,2.65,1.02,27.30,111.38,16.19
Michigan,26,177,1.29,19.28,Bike,2014,9909877,18461,24.63,0.99,164.30,211.95,52.80
Minnesota,27,115,2.33,17.01,Bike,2014,5457173,24927,16.61,1.04,157.17,366.21,44.56
Mississippi,28,20,0.63,5.57,Bike,2014,2994079,1284,55.07,1.01,26.07,16.42,2.42
Missouri,29,45,2.29,23.64,Bike,2014,6063589,7300,17.78,1.01,47.85,109.58,18.85
Montana,30,12,2.12,25.17,Bike,2014,1023579,5713,4.14,1.05,9.06,19.21,3.80
Nebraska,31,32,2.48,14.89,Bike,2014,1881503,4341,21.25,1.05,35.35,87.67,8.77
Nevada,32,25,1.32,16.25,Bike,2014,2839099,6100,14.24,1.07,33.92,44.77,9.19
New Hampshire,33,12,7.65,48.49,Bike,2014,1326813,2095,12.61,1.00,9.64,73.75,7.79
New Jersey,34,58,3.42,26.59,Bike,2014,8938175,15227,12.00,1.03,68.70,234.95,30.45
New Mexico,35,7,0.99,13.05,Bike,2014,2085572,7368,3.27,1.04,9.15,9.06,1.99
New York,36,165,1.93,20.81,Bike,2014,19746227,58198,11.54,1.01,247.59,477.85,85.87
North Carolina,37,99,2.28,16.54,Bike,2014,9943964,11121,25.19,1.06,108.39,247.13,29.88
North Dakota,38,4,1.19,12.77,Bike,2014,739482,1112,8.10,1.14,3.75,4.46,0.80
Ohio,39,123,1.77,17.87,Bike,2014,11594163,16864,24.45,1.00,150.50,266.39,44.82
Oklahoma,40,74,1.76,14.26,Bike,2014,3878051,5064,51.15,1.05,99.27,174.72,23.59
Oregon,41,130,2.98,20.88,Bike,2014,3970239,45745,8.92,1.04,154.89,461.57,53.90
Pennsylvania,42,92,2.62,16.57,Bike,2014,12787209,28664,8.60,1.01,90.88,238.11,25.10
Rhode Island,44,10,1.12,18.16,Bike,2014,1055173,2625,13.85,1.00,13.27,14.86,4.02
South Carolina,45,51,1.34,19.98,Bike,2014,4832482,6741,24.01,1.06,62.62,83.91,20.85
South Dakota,46,26,1.04,11.3,Bike,2014,853175,1929,30.27,1.05,22.38,23.28,4.21
Tennessee,47,31,1.26,15.75,Bike,2014,6549352,4196,28.27,1.04,45.03,56.74,11.82
Texas,48,250,1.76,20,Bike,2014,26956958,33738,26.13,1.09,350.73,617.28,116.91
Utah,49,57,1.46,13.85,Bike,2014,2942902,10071,14.75,1.06,57.47,83.91,13.27
Vermont,50,10,3.4,21.62,Bike,2014,626562,1921,10.74,1.01,7.61,25.87,2.74
Virginia,51,71,3.2,22.95,Bike,2014,8326289,17677,15.47,1.06,105.80,338.56,40.47
Washington,53,71,2.4,21.42,Bike,2014,7061530,32712,6.85,1.06,86.70,208.08,30.95
West Virginia,54,17,1.03,20.77,Bike,2014,1850326,1936,38.56,1.02,27.79,28.62,9.62
Wisconsin,55,74,2.21,17.3,Bike,2014,5757564,22750,10.13,1.02,85.80,189.62,24.74
Wyoming,56,3,1.29,7.1,Bike,2014,584153,2785,3.56,1.07,3.87,4.99,0.46
Puerto Rico,72,0,0,0,Bike,2014,3548397,2238,0.00,0.89,0.00,0.00,0.00
Alabama,01,234,0.92,12.67,Walk,2014,4849377,22961,24.84,1.03,214.42,197.27,45.28
Alaska,02,100,0.72,14.19,Walk,2014,736732,28730,10.24,1.05,112.75,81.18,26.67
Arizona,04,745,0.72,17.92,Walk,2014,6731484,56505,31.10,1.02,654.24,471.05,195.40
Arkansas,05,203,0.55,14.78,Walk,2014,2966369,22173,24.32,1.03,202.73,111.50,49.94
California,06,6273,0.72,16.11,Walk,2014,38802500,467779,38.41,1.05,6886.00,4957.92,1848.89
Colorado,08,671,0.75,13.23,Walk,2014,5355866,71357,25.03,1.07,697.55,523.16,153.81
Connecticut,09,568,0.76,25.81,Walk,2014,3596677,55459,30.91,1.02,638.21,485.04,274.54
Delaware,10,93,0.6,13.08,Walk,2014,935614,9709,26.23,1.06,98.53,59.12,21.48
District of Columbia,11,196,0.57,13.36,Walk,2014,658893,44965,16.61,1.10,299.87,170.93,66.77
Florida,12,2100,0.66,14.28,Walk,2014,19893297,124298,48.70,1.07,2364.12,1560.32,562.66
Georgia,13,886,0.71,15.19,Walk,2014,10097343,68722,34.19,1.03,883.33,627.16,223.63
Hawaii,15,210,0.92,17.04,Walk,2014,1419561,31941,19.83,1.10,254.31,233.97,72.22
Idaho,16,229,0.62,14.17,Walk,2014,1634464,15498,35.71,1.06,214.12,132.75,50.57
Illinois,17,2287,0.57,12.49,Walk,2014,12880580,186414,32.99,1.00,2244.68,1279.47,467.27
Indiana,18,562,0.59,12.91,Walk,2014,6596855,60227,24.46,1.03,553.83,326.76,119.17
Iowa,19,271,0.67,13.79,Walk,2014,3107126,52660,12.09,1.03,239.35,160.36,55.01
Kansas,20,244,0.8,15.25,Walk,2014,2904021,34196,17.25,1.03,221.77,177.42,56.37
Kentucky,21,383,0.68,12.72,Walk,2014,4413457,45495,23.89,1.02,404.64,275.16,85.78
Louisiana,22,400,0.89,13.84,Walk,2014,4649676,36868,27.83,1.04,389.48,346.64,89.84
Maine,23,143,0.61,14.32,Walk,2014,1330089,25193,14.83,1.01,137.73,84.02,32.87
Maryland,24,863,0.54,11.77,Walk,2014,5976407,69084,31.76,1.05,840.89,454.08,164.95
Massachusetts,25,1228,0.97,16.54,Walk,2014,6745408,165363,22.25,1.02,1369.81,1328.72,377.61
Michigan,26,1163,0.79,15.91,Walk,2014,9909877,97167,32.41,0.99,1137.96,898.99,301.75
Minnesota,27,893,0.69,17.65,Walk,2014,5457173,81889,31.75,1.04,986.95,681.00,290.33
Mississippi,28,294,0.7,11.91,Walk,2014,2994079,16865,40.92,1.01,254.41,178.09,50.50
Missouri,29,418,0.83,15.67,Walk,2014,6063589,57578,21.16,1.01,449.14,372.79,117.30
Montana,30,113,0.54,10.58,Walk,2014,1023579,22471,12.52,1.05,107.82,58.22,19.01
Nebraska,31,148,0.78,14.51,Walk,2014,1881503,27652,13.23,1.05,140.21,109.36,33.91
Nevada,32,194,0.92,18.59,Walk,2014,2839099,26530,21.10,1.07,218.62,201.13,67.74
New Hampshire,33,176,0.73,15.62,Walk,2014,1326813,17754,25.17,1.00,163.11,119.07,42.46
New Jersey,34,1292,0.55,11.36,Walk,2014,8938175,133018,25.74,1.03,1287.21,707.97,243.71
New Mexico,35,183,0.8,14.89,Walk,2014,2085572,17945,23.89,1.04,162.74,130.19,40.39
New York,36,5344,0.76,14.82,Walk,2014,19746227,576752,25.49,1.01,5419.67,4118.95,1338.66
North Carolina,37,755,0.67,13.74,Walk,2014,9943964,79919,25.02,1.06,773.63,518.33,177.16
North Dakota,38,81,0.35,6.93,Walk,2014,739482,13553,17.87,1.14,100.78,35.27,11.64
Ohio,39,1302,0.73,19.08,Walk,2014,11594163,116550,30.65,1.00,1303.87,951.83,414.63
Oklahoma,40,337,0.59,12.73,Walk,2014,3878051,29971,30.33,1.05,348.38,205.54,73.91
Oregon,41,804,0.78,15.45,Walk,2014,3970239,70615,33.44,1.04,896.37,699.17,230.82
Pennsylvania,42,1819,0.56,12.95,Walk,2014,12787209,229204,21.89,1.01,1849.62,1035.79,399.21
Rhode Island,44,143,0.41,9.27,Walk,2014,1055173,19942,24.80,1.00,180.51,74.01,27.89
South Carolina,45,384,0.68,13.78,Walk,2014,4832482,46514,28.69,1.06,516.31,351.09,118.58
South Dakota,46,102,0.62,9.95,Walk,2014,853175,18453,15.60,1.05,110.32,68.40,18.29
Tennessee,47,386,0.62,13.09,Walk,2014,6549352,42735,27.73,1.04,449.84,278.90,98.14
Texas,48,2334,0.68,14.5,Walk,2014,26956958,192370,33.17,1.09,2538.65,1726.28,613.51
Utah,49,470,0.49,11.73,Walk,2014,2942902,31770,34.82,1.06,428.00,209.72,83.67
Vermont,50,87,0.78,16.02,Walk,2014,626562,17236,13.85,1.01,88.00,68.64,23.50
Virginia,51,986,0.71,14.99,Walk,2014,8326289,91217,31.48,1.06,1110.99,788.80,277.56
Washington,53,984,0.68,14.81,Walk,2014,7061530,115552,25.93,1.06,1159.25,788.29,286.14
West Virginia,54,178,0.57,22.48,Walk,2014,1850326,21210,23.61,1.02,186.44,106.27,69.85
Wisconsin,55,644,0.72,15.17,Walk,2014,5757564,92497,18.60,1.02,640.52,461.17,161.94
Wyoming,56,56,0.7,13.22,Walk,2014,584153,10568,16.41,1.07,67.73,47.41,14.92
Puerto Rico,72,0,0,0,Walk,2014,3548397,36960,0.00,0.89,0.00,0.00,0.00
Alabama,01,154,0.37,14.49,Bike,2015,4858979,1753,176.39,1.03,116.25,43.01,28.07
Alaska,02,10,1.27,12.97,Bike,2015,738432,4051,10.19,1.06,15.97,20.28,3.45
Arizona,04,97,1.71,12.94,Bike,2015,6828065,29767,10.22,1.04,115.48,197.47,24.91
Arkansas,05,2,0.67,11.58,Bike,2015,2978204,1678,3.61,1.03,2.28,1.53,0.44
California,06,660,2.89,22.31,Bike,2015,39144818,192289,11.41,1.06,848.87,2453.23,315.64
Colorado,08,159,3.6,21.91,Bike,2015,5456574,33714,12.63,1.09,169.41,609.88,61.86
Connecticut,09,33,1.29,7.14,Bike,2015,3590886,4214,17.83,1.02,27.97,36.08,3.33
Delaware,10,3,0.54,18.51,Bike,2015,945934,1653,6.55,1.07,4.23,2.28,1.30
District of Columbia,11,11,1.6,21.41,Bike,2015,672228,14718,4.78,1.12,28.76,46.02,10.26
Florida,12,283,1.93,17.8,Bike,2015,20271272,62969,15.00,1.09,375.78,725.26,111.48
Georgia,13,94,1.51,17.05,Bike,2015,10214860,9044,25.35,1.04,87.03,131.42,24.73
Hawaii,15,17,6.63,43.83,Bike,2015,1431603,6458,5.73,1.11,14.99,99.38,10.95
Idaho,16,20,3.87,29.27,Bike,2015,1654930,5996,7.00,1.07,16.39,63.43,8.00
Illinois,17,297,2.25,17.43,Bike,2015,12859995,40329,24.33,1.00,358.14,805.82,104.04
Indiana,18,91,1.44,18.8,Bike,2015,6619680,14426,20.66,1.03,112.05,161.35,35.11
Iowa,19,62,1.99,22.71,Bike,2015,3123899,9100,29.30,1.04,101.21,201.41,38.31
Kansas,20,19,2.14,13.27,Bike,2015,2911641,4306,9.70,1.03,15.70,33.60,3.47
Kentucky,21,50,0.64,17.96,Bike,2015,4425092,3730,33.18,1.03,46.53,29.78,13.93
Louisiana,22,36,4.46,20.11,Bike,2015,4670724,11118,12.24,1.04,51.66,230.40,17.31
Maine,23,6,4.16,29.03,Bike,2015,1329328,2022,5.13,1.01,3.82,15.89,1.85
Maryland,24,90,4.88,23.37,Bike,2015,6006401,9041,23.90,1.05,82.81,404.11,32.25
Massachusetts,25,26,4.08,35.58,Bike,2015,6794422,27201,2.65,1.03,27.10,110.57,16.07
Michigan,26,177,1.29,19.28,Bike,2015,9922576,19535,24.63,1.00,175.62,226.55,56.43
Minnesota,27,115,2.33,17.01,Bike,2015,5489594,24702,16.61,1.04,155.75,362.90,44.16
Mississippi,28,20,0.63,5.57,Bike,2015,2992333,1876,55.07,1.01,38.09,24.00,3.54
Missouri,29,45,2.29,23.64,Bike,2015,6083672,5927,17.78,1.02,39.23,89.84,15.46
Montana,30,12,2.12,25.17,Bike,2015,1032949,7876,4.14,1.06,12.62,26.75,5.29
Nebraska,31,32,2.48,14.89,Bike,2015,1896190,4733,21.25,1.06,38.91,96.50,9.66
Nevada,32,25,1.32,16.25,Bike,2015,2890845,5926,14.24,1.09,33.57,44.31,9.09
New Hampshire,33,12,7.65,48.49,Bike,2015,1330608,1995,12.61,1.00,9.18,70.23,7.42
New Jersey,34,58,3.42,26.59,Bike,2015,8958013,13249,12.00,1.03,59.77,204.41,26.49
New Mexico,35,7,0.99,13.05,Bike,2015,2085109,5327,3.27,1.04,6.61,6.54,1.44
New York,36,165,1.93,20.81,Bike,2015,19795791,61618,11.54,1.01,262.14,505.93,90.92
North Carolina,37,99,2.28,16.54,Bike,2015,10042802,10219,25.19,1.07,100.53,229.21,27.71
North Dakota,38,4,1.19,12.77,Bike,2015,756928,878,8.10,1.17,3.04,3.62,0.65
Ohio,39,123,1.77,17.87,Bike,2015,11613423,14753,24.45,1.01,132.98,235.37,39.61
Oklahoma,40,74,1.76,14.26,Bike,2015,3911338,3949,51.15,1.06,78.15,137.54,18.57
Oregon,41,130,2.98,20.88,Bike,2015,4028977,46832,8.92,1.05,160.10,477.10,55.71
Pennsylvania,42,92,2.62,16.57,Bike,2015,12802503,29661,8.60,1.02,94.97,248.82,26.23
Rhode Island,44,10,1.12,18.16,Bike,2015,1056298,1969,13.85,1.00,9.95,11.14,3.01
South Carolina,45,51,1.34,19.98,Bike,2015,4896146,6136,24.01,1.07,57.54,77.10,19.16
South Dakota,46,26,1.04,11.3,Bike,2015,858469,2413,30.27,1.06,28.26,29.39,5.32
Tennessee,47,31,1.26,15.75,Bike,2015,6600299,2646,28.27,1.05,28.67,36.12,7.53
Texas,48,250,1.76,20,Bike,2015,27469114,30745,26.13,1.11,325.48,572.84,108.49
Utah,49,57,1.46,13.85,Bike,2015,2995919,13713,14.75,1.08,79.73,116.41,18.40
Vermont,50,10,3.4,21.62,Bike,2015,626042,2425,10.74,1.01,9.60,32.64,3.46
Virginia,51,71,3.2,22.95,Bike,2015,8382993,16904,15.47,1.06,101.18,323.78,38.70
Washington,53,71,2.4,21.42,Bike,2015,7170351,32853,6.85,1.08,88.71,212.90,31.67
West Virginia,54,17,1.03,20.77,Bike,2015,1844128,1137,38.56,1.01,16.16,16.64,5.59
Wisconsin,55,74,2.21,17.3,Bike,2015,5771337,23830,10.13,1.02,89.87,198.61,25.91
Wyoming,56,3,1.29,7.1,Bike,2015,586107,1784,3.56,1.08,2.50,3.23,0.30
Puerto Rico,72,0,0,0,Bike,2015,3474182,2120,0.00,0.88,0.00,0.00,0.00
Alabama,01,234,0.92,12.67,Walk,2015,4858979,22130,24.84,1.03,206.66,190.13,43.64
Alaska,02,100,0.72,14.19,Walk,2015,738432,28801,10.24,1.06,114.11,82.16,26.99
Arizona,04,745,0.72,17.92,Walk,2015,6828065,60638,31.10,1.04,715.87,515.43,213.81
Arkansas,05,203,0.55,14.78,Walk,2015,2978204,22033,24.32,1.03,201.45,110.80,49.62
California,06,6273,0.72,16.11,Walk,2015,39144818,474323,38.41,1.06,7048.83,5075.16,1892.61
Colorado,08,671,0.75,13.23,Walk,2015,5456574,77861,25.03,1.09,775.35,581.51,170.96
Connecticut,09,568,0.76,25.81,Walk,2015,3590886,52826,30.91,1.02,607.91,462.01,261.50
Delaware,10,93,0.6,13.08,Walk,2015,945934,9655,26.23,1.07,98.91,59.35,21.56
District of Columbia,11,196,0.57,13.36,Walk,2015,672228,50165,16.61,1.12,340.63,194.16,75.85
Florida,12,2100,0.66,14.28,Walk,2015,20271272,126149,48.70,1.09,2444.17,1613.15,581.71
Georgia,13,886,0.71,15.19,Walk,2015,10214860,69170,34.19,1.04,897.72,637.38,227.27
Hawaii,15,210,0.92,17.04,Walk,2015,1431603,29047,19.83,1.11,233.37,214.70,66.28
Idaho,16,229,0.62,14.17,Walk,2015,1654930,23518,35.71,1.07,327.99,203.35,77.46
Illinois,17,2287,0.57,12.49,Walk,2015,12859995,185404,32.99,1.00,2232.51,1272.53,464.73
Indiana,18,562,0.59,12.91,Walk,2015,6619680,69969,24.46,1.03,643.42,379.62,138.44
Iowa,19,271,0.67,13.79,Walk,2015,3123899,54044,12.09,1.04,248.03,166.18,57.01
Kansas,20,244,0.8,15.25,Walk,2015,2911641,32791,17.25,1.03,212.65,170.12,54.05
Kentucky,21,383,0.68,12.72,Walk,2015,4425092,46953,23.89,1.03,421.71,286.76,89.40
Louisiana,22,400,0.89,13.84,Walk,2015,4670724,41099,27.83,1.04,434.18,386.42,100.15
Maine,23,143,0.61,14.32,Walk,2015,1329328,24332,14.83,1.01,133.02,81.14,31.75
Maryland,24,863,0.54,11.77,Walk,2015,6006401,77065,31.76,1.05,938.04,506.54,184.01
Massachusetts,25,1228,0.97,16.54,Walk,2015,6794422,173988,22.25,1.03,1455.39,1411.73,401.20
Michigan,26,1163,0.79,15.91,Walk,2015,9922576,102456,32.41,1.00,1212.02,957.50,321.39
Minnesota,27,893,0.69,17.65,Walk,2015,5489594,77518,31.75,1.04,934.27,644.65,274.83
Mississippi,28,294,0.7,11.91,Walk,2015,2992333,17702,40.92,1.01,267.04,186.93,53.01
Missouri,29,418,0.83,15.67,Walk,2015,6083672,53818,21.16,1.02,423.97,351.90,110.73
Montana,30,113,0.54,10.58,Walk,2015,1032949,27183,12.52,1.06,131.67,71.10,23.22
Nebraska,31,148,0.78,14.51,Walk,2015,1896190,27685,13.23,1.06,141.71,110.53,34.27
Nevada,32,194,0.92,18.59,Walk,2015,2890845,28644,21.10,1.09,240.46,221.22,74.50
New Hampshire,33,176,0.73,15.62,Walk,2015,1330608,19112,25.17,1.00,175.58,128.17,45.71
New Jersey,34,1292,0.55,11.36,Walk,2015,8958013,140033,25.74,1.03,1355.09,745.30,256.56
New Mexico,35,183,0.8,14.89,Walk,2015,2085109,20033,23.89,1.04,181.67,145.34,45.08
New York,36,5344,0.76,14.82,Walk,2015,19795791,583151,25.49,1.01,5479.80,4164.65,1353.51
North Carolina,37,755,0.67,13.74,Walk,2015,10042802,79234,25.02,1.07,774.24,518.74,177.30
North Dakota,38,81,0.35,6.93,Walk,2015,756928,15532,17.87,1.17,118.53,41.49,13.69
Ohio,39,1302,0.73,19.08,Walk,2015,11613423,127226,30.65,1.01,1437.54,1049.40,457.14
Oklahoma,40,337,0.59,12.73,Walk,2015,3911338,30382,30.33,1.06,356.52,210.35,75.64
Oregon,41,804,0.78,15.45,Walk,2015,4028977,69658,33.44,1.05,892.73,696.33,229.88
Pennsylvania,42,1819,0.56,12.95,Walk,2015,12802503,232461,21.89,1.02,1894.48,1060.91,408.89
Rhode Island,44,143,0.41,9.27,Walk,2015,1056298,18987,24.80,1.00,171.87,70.47,26.55
South Carolina,45,384,0.68,13.78,Walk,2015,4896146,43809,28.69,1.07,490.87,333.79,112.74
South Dakota,46,102,0.62,9.95,Walk,2015,858469,13448,15.60,1.06,81.17,50.33,13.46
Tennessee,47,386,0.62,13.09,Walk,2015,6600299,36170,27.73,1.05,384.40,238.33,83.86
Texas,48,2334,0.68,14.5,Walk,2015,27469114,195341,33.17,1.11,2625.15,1785.10,634.41
Utah,49,470,0.49,11.73,Walk,2015,2995919,38820,34.82,1.08,532.85,261.10,104.17
Vermont,50,87,0.78,16.02,Walk,2015,626042,18611,13.85,1.01,95.02,74.12,25.37
Virginia,51,986,0.71,14.99,Walk,2015,8382993,96587,31.48,1.06,1176.39,835.24,293.90
Washington,53,984,0.68,14.81,Walk,2015,7170351,123485,25.93,1.08,1262.22,858.31,311.56
West Virginia,54,178,0.57,22.48,Walk,2015,1844128,19763,23.61,1.01,172.01,98.05,64.45
Wisconsin,55,644,0.72,15.17,Walk,2015,5771337,92030,18.60,1.02,637.29,458.85,161.13
Wyoming,56,56,0.7,13.22,Walk,2015,586107,13285,16.41,1.08,85.94,60.16,18.94
Puerto Rico,72,0,0,0,Walk,2015,3474182,30421,0.00,0.88,0.00,0.00,0.00
Alabama,01,154,0.37,14.49,Bike,2016,4863300,2110,176.39,1.03,139.92,51.77,33.79
Alaska,02,10,1.27,12.97,Bike,2016,741894,3600,10.19,1.06,14.19,18.02,3.07
Arizona,04,97,1.71,12.94,Bike,2016,6931071,24869,10.22,1.05,97.41,166.57,21.01
Arkansas,05,2,0.67,11.58,Bike,2016,2988248,1706,3.61,1.03,2.32,1.55,0.45
California,06,660,2.89,22.31,Bike,2016,39250017,184582,11.41,1.06,814.84,2354.89,302.98
Colorado,08,159,3.6,21.91,Bike,2016,5540545,30609,12.63,1.10,155.22,558.79,56.68
Connecticut,09,33,1.29,7.14,Bike,2016,3576452,5330,17.83,1.02,35.38,45.64,4.21
Delaware,10,3,0.54,18.51,Bike,2016,952065,1328,6.55,1.08,3.43,1.85,1.06
District of Columbia,11,11,1.6,21.41,Bike,2016,681170,16647,4.78,1.14,33.11,52.98,11.81
Florida,12,283,1.93,17.8,Bike,2016,20612439,56464,15.00,1.11,343.15,662.28,101.80
Georgia,13,94,1.51,17.05,Bike,2016,10310371,12159,25.35,1.05,118.13,178.38,33.57
Hawaii,15,17,6.63,43.83,Bike,2016,1428557,5184,5.73,1.10,11.93,79.10,8.71
Idaho,16,20,3.87,29.27,Bike,2016,1683140,8826,7.00,1.09,24.58,95.12,11.99
Illinois,17,297,2.25,17.43,Bike,2016,12801539,42366,24.33,0.99,372.47,838.06,108.20
Indiana,18,91,1.44,18.8,Bike,2016,6633053,12811,20.66,1.03,99.50,143.28,31.18
Iowa,19,62,1.99,22.71,Bike,2016,3134693,7365,29.30,1.04,81.92,163.02,31.01
Kansas,20,19,2.14,13.27,Bike,2016,2907289,6094,9.70,1.03,22.22,47.55,4.91
Kentucky,21,50,0.64,17.96,Bike,2016,4436974,4385,33.18,1.03,54.70,35.01,16.37
Louisiana,22,36,4.46,20.11,Bike,2016,4681666,9914,12.24,1.04,46.06,205.43,15.44
Maine,23,6,4.16,29.03,Bike,2016,1331479,2717,5.13,1.01,5.14,21.38,2.49
Maryland,24,90,4.88,23.37,Bike,2016,6016447,8738,23.90,1.06,80.80,394.30,31.47
Massachusetts,25,26,4.08,35.58,Bike,2016,6811779,30187,2.65,1.03,30.07,122.69,17.83
Michigan,26,177,1.29,19.28,Bike,2016,9928300,20683,24.63,1.00,185.94,239.86,59.75
Minnesota,27,115,2.33,17.01,Bike,2016,5519952,20194,16.61,1.05,128.55,299.52,36.44
Mississippi,28,20,0.63,5.57,Bike,2016,2988726,1235,55.07,1.01,25.07,15.79,2.33
Missouri,29,45,2.29,23.64,Bike,2016,6093000,6767,17.78,1.02,44.79,102.57,17.65
Montana,30,12,2.12,25.17,Bike,2016,1042520,6136,4.14,1.07,9.92,21.03,4.16
Nebraska,31,32,2.48,14.89,Bike,2016,1907116,5389,21.25,1.06,44.31,109.89,11.00
Nevada,32,25,1.32,16.25,Bike,2016,2940058,5026,14.24,1.11,29.00,38.28,7.85
New Hampshire,33,12,7.65,48.49,Bike,2016,1334795,1993,12.61,1.01,9.26,70.84,7.48
New Jersey,34,58,3.42,26.59,Bike,2016,8944469,12420,12.00,1.03,56.03,191.62,24.83
New Mexico,35,7,0.99,13.05,Bike,2016,2081015,6307,3.27,1.04,7.83,7.75,1.70
New York,36,165,1.93,20.81,Bike,2016,19745289,66595,11.54,1.01,283.31,546.79,98.26
North Carolina,37,99,2.28,16.54,Bike,2016,10146788,9183,25.19,1.08,91.19,207.91,25.14
North Dakota,38,4,1.19,12.77,Bike,2016,757953,2358,8.10,1.17,8.16,9.71,1.74
Ohio,39,123,1.77,17.87,Bike,2016,11614373,16758,24.45,1.01,151.05,267.36,44.99
Oklahoma,40,74,1.76,14.26,Bike,2016,3923561,4772,51.15,1.06,94.44,166.21,22.45
Oregon,41,130,2.98,20.88,Bike,2016,4093465,42725,8.92,1.07,148.84,443.54,51.80
Pennsylvania,42,92,2.62,16.57,Bike,2016,12784227,30980,8.60,1.01,98.22,257.34,27.13
Rhode Island,44,10,1.12,18.16,Bike,2016,1056426,1558,13.85,1.00,7.88,8.83,2.39
South Carolina,45,51,1.34,19.98,Bike,2016,4961119,5532,24.01,1.09,52.84,70.81,17.60
South Dakota,46,26,1.04,11.3,Bike,2016,865454,1719,30.27,1.07,20.32,21.13,3.83
Tennessee,47,31,1.26,15.75,Bike,2016,6651194,3378,28.27,1.06,36.95,46.56,9.70
Texas,48,250,1.76,20,Bike,2016,27862596,32947,26.13,1.12,351.94,619.41,117.31
Utah,49,57,1.46,13.85,Bike,2016,3051217,9427,14.75,1.10,55.83,81.51,12.89
Vermont,50,10,3.4,21.62,Bike,2016,624594,2009,10.74,1.00,7.88,26.79,2.84
Virginia,51,71,3.2,22.95,Bike,2016,8411808,17009,15.47,1.07,102.77,328.86,39.31
Washington,53,71,2.4,21.42,Bike,2016,7288000,29833,6.85,1.09,81.30,195.12,29.02
West Virginia,54,17,1.03,20.77,Bike,2016,1831102,802,38.56,1.01,11.40,11.74,3.95
Wisconsin,55,74,2.21,17.3,Bike,2016,5778709,20507,10.13,1.02,77.34,170.92,22.30
Wyoming,56,3,1.29,7.1,Bike,2016,585501,1746,3.56,1.08,2.45,3.16,0.29
Puerto Rico,72,0,0,0,Bike,2016,3411307,2457,0.00,0.86,0.00,0.00,0.00
Alabama,01,234,0.92,12.67,Walk,2016,4863300,23875,24.84,1.03,222.96,205.12,47.08
Alaska,02,100,0.72,14.19,Walk,2016,741894,27628,10.24,1.06,109.46,78.81,25.89
Arizona,04,745,0.72,17.92,Walk,2016,6931071,54823,31.10,1.05,653.44,470.48,195.16
Arkansas,05,203,0.55,14.78,Walk,2016,2988248,25456,24.32,1.03,232.75,128.01,57.33
California,06,6273,0.72,16.11,Walk,2016,39250017,481638,38.41,1.06,7157.54,5153.43,1921.80
Colorado,08,671,0.75,13.23,Walk,2016,5540545,84470,25.03,1.10,848.89,636.67,187.18
Connecticut,09,568,0.76,25.81,Walk,2016,3576452,48896,30.91,1.02,562.69,427.64,242.05
Delaware,10,93,0.6,13.08,Walk,2016,952065,8167,26.23,1.08,84.45,50.67,18.41
District of Columbia,11,196,0.57,13.36,Walk,2016,681170,49514,16.61,1.14,342.21,195.06,76.20
Florida,12,2100,0.66,14.28,Walk,2016,20612439,137204,48.70,1.11,2707.15,1786.72,644.30
Georgia,13,886,0.71,15.19,Walk,2016,10310371,72701,34.19,1.05,952.62,676.36,241.17
Hawaii,15,210,0.92,17.04,Walk,2016,1428557,33401,19.83,1.10,265.93,244.66,75.52
Idaho,16,229,0.62,14.17,Walk,2016,1683140,19709,35.71,1.09,280.01,173.61,66.13
Illinois,17,2287,0.57,12.49,Walk,2016,12801539,184968,32.99,0.99,2204.99,1256.84,459.01
Indiana,18,562,0.59,12.91,Walk,2016,6633053,66298,24.46,1.03,609.66,359.70,131.18
Iowa,19,271,0.67,13.79,Walk,2016,3134693,54449,12.09,1.04,249.89,167.43,57.43
Kansas,20,244,0.8,15.25,Walk,2016,2907289,35041,17.25,1.03,227.25,181.80,57.76
Kentucky,21,383,0.68,12.72,Walk,2016,4436974,41353,23.89,1.03,371.41,252.56,78.74
Louisiana,22,400,0.89,13.84,Walk,2016,4681666,33167,27.83,1.04,350.39,311.85,80.82
Maine,23,143,0.61,14.32,Walk,2016,1331479,25820,14.83,1.01,141.16,86.11,33.69
Maryland,24,863,0.54,11.77,Walk,2016,6016447,74847,31.76,1.06,919.72,496.65,180.42
Massachusetts,25,1228,0.97,16.54,Walk,2016,6811779,168580,22.25,1.03,1410.15,1367.85,388.73
Michigan,26,1163,0.79,15.91,Walk,2016,9928300,94131,32.41,1.00,1113.54,879.70,295.27
Minnesota,27,893,0.69,17.65,Walk,2016,5519952,75145,31.75,1.05,914.38,630.92,268.98
Mississippi,28,294,0.7,11.91,Walk,2016,2988726,16760,40.92,1.01,252.83,176.98,50.19
Missouri,29,418,0.83,15.67,Walk,2016,6093000,52536,21.16,1.02,413.87,343.51,108.09
Montana,30,113,0.54,10.58,Walk,2016,1042520,28169,12.52,1.07,137.74,74.38,24.29
Nebraska,31,148,0.78,14.51,Walk,2016,1907116,23977,13.23,1.06,122.73,95.73,29.68
Nevada,32,194,0.92,18.59,Walk,2016,2940058,22751,21.10,1.11,194.49,178.93,60.26
New Hampshire,33,176,0.73,15.62,Walk,2016,1334795,22011,25.17,1.01,204.24,149.10,53.17
New Jersey,34,1292,0.55,11.36,Walk,2016,8944469,123553,25.74,1.03,1195.62,657.59,226.37
New Mexico,35,183,0.8,14.89,Walk,2016,2081015,19839,23.89,1.04,179.91,143.93,44.65
New York,36,5344,0.76,14.82,Walk,2016,19745289,577983,25.49,1.01,5431.24,4127.74,1341.52
North Carolina,37,755,0.67,13.74,Walk,2016,10146788,79649,25.02,1.08,785.57,526.33,179.90
North Dakota,38,81,0.35,6.93,Walk,2016,757953,11933,17.87,1.17,91.07,31.87,10.52
Ohio,39,1302,0.73,19.08,Walk,2016,11614373,127034,30.65,1.01,1435.37,1047.82,456.45
Oklahoma,40,337,0.59,12.73,Walk,2016,3923561,29496,30.33,1.06,346.13,204.22,73.44
Oregon,41,804,0.78,15.45,Walk,2016,4093465,68682,33.44,1.07,896.99,699.65,230.97
Pennsylvania,42,1819,0.56,12.95,Walk,2016,12784227,218035,21.89,1.01,1759.49,985.31,379.76
Rhode Island,44,143,0.41,9.27,Walk,2016,1056426,18445,24.80,1.00,166.96,68.45,25.80
South Carolina,45,384,0.68,13.78,Walk,2016,4961119,46566,28.69,1.09,531.52,361.43,122.07
South Dakota,46,102,0.62,9.95,Walk,2016,865454,16482,15.60,1.07,100.42,62.26,16.65
Tennessee,47,386,0.62,13.09,Walk,2016,6651194,39448,27.73,1.06,423.23,262.40,92.33
Texas,48,2334,0.68,14.5,Walk,2016,27862596,201154,33.17,1.12,2727.63,1854.79,659.18
Utah,49,470,0.49,11.73,Walk,2016,3051217,39435,34.82,1.10,551.31,270.14,107.78
Vermont,50,87,0.78,16.02,Walk,2016,624594,18885,13.85,1.00,95.47,74.47,25.49
Virginia,51,986,0.71,14.99,Walk,2016,8411808,108451,31.48,1.07,1333.35,946.68,333.12
Washington,53,984,0.68,14.81,Walk,2016,7288000,129410,25.93,1.09,1335.03,907.82,329.53
West Virginia,54,178,0.57,22.48,Walk,2016,1831102,23035,23.61,1.01,200.49,114.28,75.12
Wisconsin,55,644,0.72,15.17,Walk,2016,5778709,88382,18.60,1.02,612.03,440.66,154.74
Wyoming,56,56,0.7,13.22,Walk,2016,585501,13105,16.41,1.08,84.77,59.34,18.68
Puerto Rico,72,0,0,0,Walk,2016,3411307,31596,0.00,0.86,0.00,0.00,0.00
